Saison;Num_match;Competition;dom_ext;Gagne_perdu;Adveresaire;Capitaine;Starter/bench;Joueur;Minutes;Secondes;Secondes(minutes);Tps_jeu_decimal;Tirs_marques;Tirs_tentes;%Tirs;2pts_marques;2pts_tentes;%2pts;3pts_marques;3pts_tentes;%3pts;LF_marques;LF_tentes;%LF;Pts_apres_balles_perdues;Points_int;Point_2eme_chance;Points_CA;Points_banc;Ecart_max;Serie_max;Pts;RO;RD;RT;PD;BP;INT;CT;CTS;F;FPR;+/-;EVAL;N°;JOUEUR
24-25;1;Championat de France;Exterieur;Defaite;Bourges;;Starter;F. Eldebrink;32;5;0,08;5,08;1;9;0,11;0;1;0;1;8;0,13;2;3;0,67;;;;;;;;5;0;2;2;5;3;1;0;0;0;3;-12;1;2;F. Eldebrink
24-25;1;Championat de France;Exterieur;Defaite;Bourges;;Starter;S. Elenga;28;48;0,8;48,8;8;14;0,57;6;12;0,5;2;2;1;0;0;;;;;;;;;18;4;5;9;2;1;0;1;0;1;0;-4;23;6;S. Elenga
24-25;1;Championat de France;Exterieur;Defaite;Bourges;;Starter;K. Cooper;14;12;0,2;12,2;1;4;0,25;0;2;0;1;2;0,5;0;0;;;;;;;;;3;0;2;2;3;1;0;0;0;3;0;3;4;12;K. Cooper
24-25;1;Championat de France;Exterieur;Defaite;Bourges;Capitaine;Starter;E. Marie(C);28;45;0,75;45,75;2;9;0,22;0;3;0;2;6;0,33;1;2;0,5;;;;;;;;7;1;5;6;2;4;3;0;0;3;4;10;6;21;E. Marie(C)
24-25;1;Championat de France;Exterieur;Defaite;Bourges;;Starter;N. Enabosi;27;18;0,3;18,3;6;14;0,43;6;14;0,43;0;0;;3;5;0,6;;;;;;;;15;2;4;6;0;0;0;0;0;1;5;2;11;33;N. Enabosi
24-25;1;Championat de France;Exterieur;Defaite;Bourges;;Banc;C. Legrand;14;13;0,22;13,22;1;3;0,33;1;3;0,33;0;0;;2;2;1;;;;;;;;4;0;2;2;1;0;0;0;0;2;2;-16;5;7;C. Legrand
24-25;1;Championat de France;Exterieur;Defaite;Bourges;;Banc;N. Niare;2;1;0,02;1,02;0;0;;0;0;;0;0;;0;0;;;;;;;;;0;0;0;0;1;0;0;0;0;2;1;2;1;24;N. Niare
24-25;1;Championat de France;Exterieur;Defaite;Bourges;;Banc;E. Mahoutou;21;31;0,52;31,52;1;5;0,2;1;5;0,2;0;0;;0;0;;;;;;;;;2;2;2;4;2;2;1;0;0;3;0;-20;3;26;E. Mahoutou
24-25;1;Championat de France;Exterieur;Defaite;Bourges;;Banc;R. Le Seyec;14;8;0,13;8,13;0;0;;0;0;;0;0;;0;0;;;;;;;;;0;0;3;3;0;2;0;0;0;1;1;-15;1;27;R. Le Seyec
24-25;1;Championat de France;Exterieur;Defaite;Bourges;;Banc;M. Debaut;16;49;0,82;49,82;2;6;0,33;2;3;0,67;0;3;0;0;0;;;;;;;;;4;1;0;1;0;2;1;0;0;0;0;-25;0;30;M. Debaut
24-25;1;Championat de France;Exterieur;Defaite;Bourges;;Banc;Team / Coach;;;;;;;;;;;;;;;;;;;;;;;;0;0;3;3;0;2;0;0;0;0;0;0;0;0;Team / Coach
24-25;1;Championat de France;Exterieur;Defaite;Bourges;;Banc;TOTAUX EQUIPE;;;;;22;64;0,34;16;43;0,37;6;21;0,29;8;12;0,67;11;22;4;2;10;7;9;58;10;28;38;16;17;6;1;0;16;16;0;56;0;TOTAUX EQUIPE
24-25;2;Championat de France;Domicile;Defaite;Charnay;;Starter;C. Legrand;23;2;0,03;2,03;1;5;0,2;1;3;0,33;0;2;0;2;3;0,67;;;;;;;;4;1;3;4;3;7;2;0;1;2;4;-6;1;7;C. Legrand
24-25;2;Championat de France;Domicile;Defaite;Charnay;;Starter;F. Eldebrink;41;2;0,03;2,03;2;10;0,2;1;4;0,25;1;6;0,17;4;4;1;;;;;;;;9;1;2;3;4;6;1;0;1;0;2;0;3;9;F. Eldebrink
24-25;2;Championat de France;Domicile;Defaite;Charnay;;Starter;K. Cooper;15;56;0,93;56,93;3;3;1;2;2;1;1;1;1;1;1;1;;;;;;;;8;2;3;5;0;2;2;0;0;1;1;-6;13;12;K. Cooper
24-25;2;Championat de France;Domicile;Defaite;Charnay;Capitaine;Starter;E. Marie(C);26;29;0,48;29,48;1;7;0,14;0;3;0;1;4;0,25;0;0;;;;;;;;;3;2;6;8;5;5;2;1;0;5;2;-1;8;21;E. Marie(C)
24-25;2;Championat de France;Domicile;Defaite;Charnay;;Starter;N. Enabosi;41;48;0,8;48,8;6;18;0,33;5;14;0,36;1;4;0,25;2;4;0,5;;;;;;;;15;0;8;8;3;0;1;0;1;3;4;-2;13;33;N. Enabosi
24-25;2;Championat de France;Domicile;Defaite;Charnay;;Banc;S. Colas;22;6;0,1;6,1;4;6;0,67;2;3;0,67;2;3;0,67;4;6;0,67;;;;;;;;14;2;5;7;1;2;0;0;1;3;4;0;16;2;S. Colas
24-25;2;Championat de France;Domicile;Defaite;Charnay;;Banc;N. Niare;0;0;0;0;0;0;;0;0;;0;0;;0;0;;;;;;;;;0;0;0;0;0;0;0;0;0;0;0;0;0;24;N. Niare
24-25;2;Championat de France;Domicile;Defaite;Charnay;;Banc;E. Mahoutou;30;3;0,05;3,05;5;8;0,63;5;8;0,63;0;0;;1;3;0,33;;;;;;;;11;6;0;6;2;1;3;0;1;3;3;12;16;26;E. Mahoutou
24-25;2;Championat de France;Domicile;Defaite;Charnay;;Banc;R. Le Seyec;12;13;0,22;13,22;0;2;0;0;2;0;0;0;;0;0;;;;;;;;;0;1;1;2;1;1;1;0;1;1;0;-5;1;27;R. Le Seyec
24-25;2;Championat de France;Domicile;Defaite;Charnay;;Banc;M. Debaut;12;22;0,37;22,37;2;11;0,18;0;3;0;2;8;0,25;0;0;;;;;;;;;6;0;4;4;1;1;0;0;1;1;0;-7;1;30;M. Debaut
24-25;2;Championat de France;Domicile;Defaite;Charnay;;Banc;Team / Coach;;;;;;;;;;;;;;;;;;;;;;;;0;5;1;6;0;4;0;0;0;0;0;0;0;0;Team / Coach
24-25;2;Championat de France;Domicile;Defaite;Charnay;;Banc;TOTAUX EQUIPE;;;;;24;70;0,34;16;42;0,38;8;28;0,29;14;21;0,67;17;26;18;15;31;6;9;70;20;33;53;20;29;12;1;7;19;20;0;74;0;TOTAUX EQUIPE
24-25;3;Championat de France;Exterieur;Defaite;Landerneau;;Starter;C. Legrand;19;7;0,12;7,12;5;8;0,63;4;7;0,57;1;1;1;1;2;0,5;;;;;;;;12;1;1;2;5;0;1;0;0;4;2;9;16;7;C. Legrand
24-25;3;Championat de France;Exterieur;Defaite;Landerneau;;Starter;F. Eldebrink;30;3;0,05;3,05;5;14;0,36;3;4;0,75;2;10;0,2;4;4;1;;;;;;;;16;1;1;2;1;2;0;0;0;3;4;-4;8;9;F. Eldebrink
24-25;3;Championat de France;Exterieur;Defaite;Landerneau;Capitaine;Starter;E. Marie(C);30;30;0,5;30,5;1;6;0,17;1;2;0,5;0;4;0;0;0;;;;;;;;;2;1;3;4;6;4;1;0;1;3;2;-3;4;21;E. Marie(C)
24-25;3;Championat de France;Exterieur;Defaite;Landerneau;;Starter;R. Le Seyec;16;3;0,05;3,05;4;8;0,5;4;8;0,5;0;0;;1;2;0,5;;;;;;;;9;1;3;4;0;0;0;0;0;0;1;4;8;27;R. Le Seyec
24-25;3;Championat de France;Exterieur;Defaite;Landerneau;;Starter;M. Debaut;12;16;0,27;16,27;2;3;0,67;2;2;1;0;1;0;0;0;;;;;;;;;4;0;0;0;1;1;0;0;0;1;0;-3;3;30;M. Debaut
24-25;3;Championat de France;Exterieur;Defaite;Landerneau;;Banc;S. Colas;14;2;0,03;2,03;2;2;1;2;2;1;0;0;;2;4;0,5;;;;;;;;6;0;5;5;2;0;0;0;0;3;2;0;11;2;S. Colas
24-25;3;Championat de France;Exterieur;Defaite;Landerneau;;Banc;S. Elenga;0;0;0;0;0;0;;0;0;;0;0;;0;0;;;;;;;;;0;0;0;0;0;0;0;0;0;0;0;0;0;6;S. Elenga
24-25;3;Championat de France;Exterieur;Defaite;Landerneau;;Banc;K. Cooper;22;19;0,32;19,32;2;11;0,18;1;7;0,14;1;4;0,25;0;0;;;;;;;;;5;1;3;4;2;1;0;0;1;3;0;-1;1;12;K. Cooper
24-25;3;Championat de France;Exterieur;Defaite;Landerneau;;Banc;N. Niare;1;8;0,13;8,13;0;0;;0;0;;0;0;;0;0;;;;;;;;;0;1;0;1;0;1;0;0;0;1;0;-6;0;24;N. Niare
24-25;3;Championat de France;Exterieur;Defaite;Landerneau;;Banc;E. Mahoutou;24;53;0,88;53,88;2;4;0,5;2;4;0,5;0;0;;1;2;0,5;;;;;;;;5;1;2;3;3;0;1;0;0;2;1;-4;9;26;E. Mahoutou
24-25;3;Championat de France;Exterieur;Defaite;Landerneau;;Banc;N. Enabosi;29;10;0,17;10,17;4;5;0,8;4;5;0,8;0;0;;6;6;1;;;;;;;;14;2;5;7;2;3;3;0;0;1;9;-7;22;33;N. Enabosi
24-25;3;Championat de France;Exterieur;Defaite;Landerneau;;Banc;Team / Coach;;;;;;;;;;;;;;;;;;;;;;;;0;3;3;6;0;1;0;0;0;1;0;0;0;0;Team / Coach
24-25;3;Championat de France;Exterieur;Defaite;Landerneau;;Banc;TOTAUX EQUIPE;;;;;27;61;0,44;23;41;0,56;4;20;0,2;15;20;0,75;9;32;8;15;30;11;7;73;12;26;38;22;13;6;0;2;22;21;0;87;0;TOTAUX EQUIPE
24-25;4;Championat de France;Domicile;Defaite;Lyon Asvel Féminin;;Starter;C. Legrand;5;0;0;0;1;1;1;1;1;1;0;0;;0;0;;;;;;;;;2;0;2;2;0;2;1;0;0;3;0;-3;3;7;C. Legrand
24-25;4;Championat de France;Domicile;Defaite;Lyon Asvel Féminin;;Starter;F. Eldebrink;32;2;0,03;2,03;3;12;0,25;2;5;0,4;1;7;0,14;2;2;1;;;;;;;;9;1;0;1;3;2;0;0;0;0;3;-1;2;9;F. Eldebrink
24-25;4;Championat de France;Domicile;Defaite;Lyon Asvel Féminin;;Starter;K. Cooper;11;51;0,85;51,85;0;2;0;0;2;0;0;0;;0;0;;;;;;;;;0;1;1;2;1;1;0;1;1;2;0;-11;1;12;K. Cooper
24-25;4;Championat de France;Domicile;Defaite;Lyon Asvel Féminin;Capitaine;Starter;E. Marie(C);26;26;0,43;26,43;3;6;0,5;2;2;1;1;4;0,25;1;1;1;;;;;;;;8;1;1;2;8;7;4;0;0;4;2;-3;12;21;E. Marie(C)
24-25;4;Championat de France;Domicile;Defaite;Lyon Asvel Féminin;;Starter;N. Enabosi;30;37;0,62;37,62;9;14;0,64;9;13;0,69;0;1;0;5;7;0,71;;;;;;;;23;2;7;9;2;2;5;0;1;1;5;3;30;33;N. Enabosi
24-25;4;Championat de France;Domicile;Defaite;Lyon Asvel Féminin;;Banc;S. Colas;19;34;0,57;34,57;4;9;0,44;4;9;0,44;0;0;;0;0;;;;;;;;;8;1;5;6;3;1;1;0;0;1;0;-6;12;2;S. Colas
24-25;4;Championat de France;Domicile;Defaite;Lyon Asvel Féminin;;Banc;S. Elenga;11;30;0,5;30,5;0;5;0;0;4;0;0;1;0;0;0;;;;;;;;;0;1;2;3;2;2;1;0;0;2;0;-6;-1;6;S. Elenga
24-25;4;Championat de France;Domicile;Defaite;Lyon Asvel Féminin;;Banc;N. Niare;4;9;0,15;9,15;0;2;0;0;2;0;0;0;;0;0;;;;;;;;;0;1;0;1;0;1;0;1;0;2;0;1;-1;24;N. Niare
24-25;4;Championat de France;Domicile;Defaite;Lyon Asvel Féminin;;Banc;E. Mahoutou;20;12;0,2;12,2;3;4;0,75;3;4;0,75;0;0;;1;1;1;;;;;;;;7;4;1;5;2;0;1;1;0;2;1;0;15;26;E. Mahoutou
24-25;4;Championat de France;Domicile;Defaite;Lyon Asvel Féminin;;Banc;R. Le Seyec;18;6;0,1;6,1;4;6;0,67;4;6;0,67;0;0;;1;3;0,33;;;;;;;;9;1;3;4;0;1;0;1;0;3;3;5;9;27;R. Le Seyec
24-25;4;Championat de France;Domicile;Defaite;Lyon Asvel Féminin;;Banc;M. Debaut;19;23;0,38;23,38;3;12;0,25;1;4;0,25;2;8;0,25;0;0;;;;;;;;;8;1;2;3;2;0;2;0;0;3;2;-4;6;30;M. Debaut
24-25;4;Championat de France;Domicile;Defaite;Lyon Asvel Féminin;;Banc;Team / Coach;;;;;;;;;;;;;;;;;;;;;;;;0;2;2;4;0;2;0;0;0;0;0;0;0;0;Team / Coach
24-25;4;Championat de France;Domicile;Defaite;Lyon Asvel Féminin;;Banc;TOTAUX EQUIPE;;;;;30;73;0,41;26;52;0,5;4;21;0,19;10;14;0,71;25;42;13;23;32;5;8;74;16;26;42;23;21;15;4;2;23;16;0;90;0;TOTAUX EQUIPE
24-25;5;Championat de France;Exterieur;Defaite;Angers;;Starter;S. Elenga;23;15;0,25;15,25;3;6;0,5;2;3;0,67;1;3;0,33;1;2;0,5;;;;;;;;8;1;1;2;0;3;0;0;0;1;1;-13;3;6;S. Elenga
24-25;5;Championat de France;Exterieur;Defaite;Angers;;Starter;F. Eldebrink;30;55;0,92;55,92;5;13;0,38;2;4;0,5;3;9;0,33;5;5;1;;;;;;;;18;1;1;2;4;3;0;0;0;2;3;-6;13;9;F. Eldebrink
24-25;5;Championat de France;Exterieur;Defaite;Angers;;Starter;K. Cooper;17;33;0,55;33,55;5;7;0,71;4;5;0,8;1;2;0,5;0;0;;;;;;;;;11;1;2;3;3;2;2;2;0;3;1;-10;17;12;K. Cooper
24-25;5;Championat de France;Exterieur;Defaite;Angers;Capitaine;Starter;E. Marie(C);23;56;0,93;56,93;3;6;0,5;3;6;0,5;0;0;;0;0;;;;;;;;;6;1;1;2;10;3;3;0;1;1;3;-10;15;21;E. Marie(C)
24-25;5;Championat de France;Exterieur;Defaite;Angers;;Starter;N. Enabosi;33;2;0,03;2,03;7;12;0,58;7;12;0,58;0;0;;5;6;0,83;;;;;;;;19;2;7;9;2;4;2;0;0;3;7;-12;22;33;N. Enabosi
24-25;5;Championat de France;Exterieur;Defaite;Angers;;Banc;S. Colas;16;4;0,07;4,07;2;4;0,5;2;3;0,67;0;1;0;1;2;0,5;;;;;;;;5;0;0;0;3;0;3;0;0;0;1;0;8;2;S. Colas
24-25;5;Championat de France;Exterieur;Defaite;Angers;;Banc;C. Legrand;7;5;0,08;5,08;1;2;0,5;1;2;0,5;0;0;;0;0;;;;;;;;;2;1;0;1;0;0;0;0;1;2;2;-4;2;7;C. Legrand
24-25;5;Championat de France;Exterieur;Defaite;Angers;;Banc;N. Niare;3;9;0,15;9,15;0;1;0;0;1;0;0;0;;0;0;;;;;;;;;0;0;0;0;0;0;0;0;0;1;1;1;-1;24;N. Niare
24-25;5;Championat de France;Exterieur;Defaite;Angers;;Banc;E. Mahoutou;19;15;0,25;15,25;1;1;1;1;1;1;0;0;;0;0;;;;;;;;;2;0;1;1;3;2;1;0;0;4;0;4;5;26;E. Mahoutou
24-25;5;Championat de France;Exterieur;Defaite;Angers;;Banc;R. Le Seyec;13;43;0,72;43,72;2;3;0,67;2;3;0,67;0;0;;0;0;;;;;;;;;4;1;3;4;1;0;0;0;0;3;0;5;8;27;R. Le Seyec
24-25;5;Championat de France;Exterieur;Defaite;Angers;;Banc;M. Debaut;11;23;0,38;23,38;3;6;0,5;2;3;0,67;1;3;0,33;0;0;;;;;;;;;7;0;0;0;1;3;0;0;0;2;0;-5;2;30;M. Debaut
24-25;5;Championat de France;Exterieur;Defaite;Angers;;Banc;Team / Coach;;;;;;;;;;;;;;;;;;;;;;;;0;2;2;4;0;2;0;0;0;0;0;0;0;0;Team / Coach
24-25;5;Championat de France;Exterieur;Defaite;Angers;;Banc;TOTAUX EQUIPE;;;;;32;61;0,52;26;43;0,6;6;18;0,33;12;15;0,8;26;36;14;16;20;3;7;82;10;18;28;27;22;11;2;2;22;19;0;96;0;TOTAUX EQUIPE
24-25;6;Championat de France;Domicile;Victoire;Charleville-Mézičres;;Starter;S. Elenga;21;25;0,42;25,42;1;2;0,5;1;1;1;0;1;0;0;0;;;;;;;;;2;0;0;0;1;0;1;2;0;1;1;5;5;6;S. Elenga
24-25;6;Championat de France;Domicile;Victoire;Charleville-Mézičres;;Starter;F. Eldebrink;26;19;0,32;19,32;4;9;0,44;2;4;0,5;2;5;0,4;5;6;0,83;;;;;;;;15;0;2;2;2;3;0;0;0;1;4;11;10;9;F. Eldebrink
24-25;6;Championat de France;Domicile;Victoire;Charleville-Mézičres;;Starter;K. Cooper;6;6;0,1;6,1;1;5;0,2;1;4;0,25;0;1;0;0;0;;;;;;;;;2;1;1;2;0;0;1;0;1;0;1;-7;1;12;K. Cooper
24-25;6;Championat de France;Domicile;Victoire;Charleville-Mézičres;Capitaine;Starter;E. Marie(C);23;55;0,92;55,92;4;10;0,4;0;3;0;4;7;0,57;7;8;0,88;;;;;;;;19;1;4;5;5;1;0;0;0;2;5;11;21;21;E. Marie(C)
24-25;6;Championat de France;Domicile;Victoire;Charleville-Mézičres;;Starter;N. Enabosi;27;55;0,92;55,92;4;6;0,67;4;6;0,67;0;0;;8;11;0,73;;;;;;;;16;0;2;2;2;2;3;0;0;4;9;12;16;33;N. Enabosi
24-25;6;Championat de France;Domicile;Victoire;Charleville-Mézičres;;Banc;S. Colas;13;60;1;61;0;3;0;0;3;0;0;0;;2;2;1;;;;;;;;2;0;0;0;0;1;1;0;3;0;3;-2;-1;2;S. Colas
24-25;6;Championat de France;Domicile;Victoire;Charleville-Mézičres;;Banc;C. Legrand;15;7;0,12;7,12;1;3;0,33;0;2;0;1;1;1;0;0;;;;;;;;;3;0;5;5;1;1;1;1;0;2;0;3;8;7;C. Legrand
24-25;6;Championat de France;Domicile;Victoire;Charleville-Mézičres;;Banc;N. Niare;10;55;0,92;55,92;1;1;1;1;1;1;0;0;;1;2;0,5;;;;;;;;3;0;3;3;0;5;0;0;0;3;1;-4;0;24;N. Niare
24-25;6;Championat de France;Domicile;Victoire;Charleville-Mézičres;;Banc;E. Mahoutou;25;2;0,03;2,03;4;5;0,8;4;5;0,8;0;0;;1;2;0,5;;;;;;;;9;1;5;6;1;0;0;0;0;4;3;7;14;26;E. Mahoutou
24-25;6;Championat de France;Domicile;Victoire;Charleville-Mézičres;;Banc;R. Le Seyec;13;1;0,02;1,02;1;1;1;1;1;1;0;0;;0;2;0;;;;;;;;2;1;2;3;2;1;0;1;0;3;1;7;5;27;R. Le Seyec
24-25;6;Championat de France;Domicile;Victoire;Charleville-Mézičres;;Banc;M. Debaut;16;5;0,08;5,08;3;6;0,5;2;3;0,67;1;3;0,33;0;0;;;;;;;;;7;0;1;1;1;4;0;0;0;3;3;-3;2;30;M. Debaut
24-25;6;Championat de France;Domicile;Victoire;Charleville-Mézičres;;Banc;Team / Coach;;;;;;;;;;;;;;;;;;;;;;;;0;1;3;4;0;0;0;0;0;1;0;0;0;0;Team / Coach
24-25;6;Championat de France;Domicile;Victoire;Charleville-Mézičres;;Banc;TOTAUX EQUIPE;;;;;24;51;0,47;16;33;0,48;8;18;0,44;24;33;0,73;22;16;2;10;26;12;14;80;5;28;33;15;18;7;4;4;24;31;0;85;0;TOTAUX EQUIPE
24-25;7;Championat de France;Exterieur;Defaite;Basket Landes;;Starter;S. Elenga;21;15;0,25;15,25;0;0;;0;0;;0;0;;0;0;;;;;;;;;0;0;3;3;1;1;1;0;0;2;1;-2;4;6;S. Elenga
24-25;7;Championat de France;Exterieur;Defaite;Basket Landes;;Starter;F. Eldebrink;30;35;0,58;35,58;5;8;0,63;1;2;0,5;4;6;0,67;0;0;;;;;;;;;14;0;5;5;2;4;0;0;0;1;0;-9;14;9;F. Eldebrink
24-25;7;Championat de France;Exterieur;Defaite;Basket Landes;Capitaine;Starter;E. Marie(C);22;14;0,23;14,23;0;2;0;0;0;;0;2;0;0;0;;;;;;;;;0;0;1;1;3;3;1;0;0;2;1;-3;0;21;E. Marie(C)
24-25;7;Championat de France;Exterieur;Defaite;Basket Landes;;Starter;R. Le Seyec;17;5;0,08;5,08;0;2;0;0;2;0;0;0;;2;4;0,5;;;;;;;;2;0;3;3;0;2;0;0;0;2;2;-8;-1;27;R. Le Seyec
24-25;7;Championat de France;Exterieur;Defaite;Basket Landes;;Starter;N. Enabosi;28;3;0,05;3,05;2;6;0,33;2;6;0,33;0;0;;4;4;1;;;;;;;;8;0;9;9;2;4;1;1;1;3;3;-11;13;33;N. Enabosi
24-25;7;Championat de France;Exterieur;Defaite;Basket Landes;;Banc;S. Colas;20;22;0,37;22,37;1;5;0,2;1;5;0,2;0;0;;2;2;1;;;;;;;;4;0;2;2;1;1;1;1;0;0;1;-7;4;2;S. Colas
24-25;7;Championat de France;Exterieur;Defaite;Basket Landes;;Banc;C. Legrand;0;0;0;0;0;0;;0;0;;0;0;;0;0;;;;;;;;;0;0;0;0;0;0;0;0;0;0;0;0;0;7;C. Legrand
24-25;7;Championat de France;Exterieur;Defaite;Basket Landes;;Banc;N. Niare;12;48;0,8;48,8;2;4;0,5;2;4;0,5;0;0;;0;2;0;;;;;;;;4;2;1;3;1;1;1;0;0;3;1;-7;4;24;N. Niare
24-25;7;Championat de France;Exterieur;Defaite;Basket Landes;;Banc;E. Mahoutou;28;14;0,23;14,23;6;9;0,67;6;9;0,67;0;0;;1;2;0,5;;;;;;;;13;0;2;2;3;2;2;1;0;1;1;-6;15;26;E. Mahoutou
24-25;7;Championat de France;Exterieur;Defaite;Basket Landes;;Banc;M. Debaut;19;24;0,4;24,4;5;13;0,38;2;6;0,33;3;7;0,43;0;0;;;;;;;;;13;1;2;3;0;2;1;0;1;1;1;-2;7;30;M. Debaut
24-25;7;Championat de France;Exterieur;Defaite;Basket Landes;;Banc;Team / Coach;;;;;;;;;;;;;;;;;;;;;;;;0;0;2;2;0;2;0;0;0;1;0;0;0;0;Team / Coach
24-25;7;Championat de France;Exterieur;Defaite;Basket Landes;;Banc;TOTAUX EQUIPE;;;;;21;49;0,43;14;34;0,41;7;15;0,47;9;14;0,64;11;24;2;14;34;2;9;58;3;30;33;13;22;8;3;2;16;11;0;60;0;TOTAUX EQUIPE
24-25;8;Championat de France;Domicile;Defaite;Roche Vendée;;Starter;S. Elenga;17;40;0,67;40,67;1;2;0,5;1;1;1;0;1;0;4;4;1;;;;;;;;6;2;1;3;1;2;1;2;0;1;2;-7;10;6;S. Elenga
24-25;8;Championat de France;Domicile;Defaite;Roche Vendée;;Starter;F. Eldebrink;31;40;0,67;40,67;5;11;0,45;2;5;0,4;3;6;0,5;0;0;;;;;;;;;13;0;2;2;2;2;1;0;0;1;3;-2;10;9;F. Eldebrink
24-25;8;Championat de France;Domicile;Defaite;Roche Vendée;Capitaine;Starter;E. Marie(C);25;4;0,07;4,07;2;6;0,33;2;2;1;0;4;0;1;2;0,5;;;;;;;;5;0;1;1;10;4;3;0;0;4;1;8;10;21;E. Marie(C)
24-25;8;Championat de France;Domicile;Defaite;Roche Vendée;;Starter;N. Niare;8;9;0,15;9,15;1;5;0,2;1;5;0,2;0;0;;1;2;0,5;;;;;;;;3;1;2;3;0;1;0;0;0;2;1;1;0;24;N. Niare
24-25;8;Championat de France;Domicile;Defaite;Roche Vendée;;Starter;N. Enabosi;31;16;0,27;16,27;6;11;0,55;6;11;0,55;0;0;;4;4;1;;;;;;;;16;5;6;11;1;0;1;0;0;2;5;-3;24;33;N. Enabosi
24-25;8;Championat de France;Domicile;Defaite;Roche Vendée;;Banc;S. Colas;13;55;0,92;55,92;1;4;0,25;1;4;0,25;0;0;;2;2;1;;;;;;;;4;2;1;3;0;2;0;0;0;0;2;-8;2;2;S. Colas
24-25;8;Championat de France;Domicile;Defaite;Roche Vendée;;Banc;C. Legrand;16;11;0,18;11,18;2;4;0,5;0;2;0;2;2;1;0;0;;;;;;;;;6;1;4;5;1;1;1;2;0;2;2;13;12;7;C. Legrand
24-25;8;Championat de France;Domicile;Defaite;Roche Vendée;;Banc;E. Mahoutou;21;34;0,57;34,57;2;5;0,4;2;5;0,4;0;0;;0;0;;;;;;;;;4;0;3;3;1;1;1;0;0;3;1;-3;5;26;E. Mahoutou
24-25;8;Championat de France;Domicile;Defaite;Roche Vendée;;Banc;R. Le Seyec;18;11;0,18;11,18;4;8;0,5;4;8;0,5;0;0;;0;0;;;;;;;;;8;1;5;6;0;1;0;1;0;3;1;1;10;27;R. Le Seyec
24-25;8;Championat de France;Domicile;Defaite;Roche Vendée;;Banc;M. Debaut;15;31;0,52;31,52;3;5;0,6;2;2;1;1;3;0,33;0;0;;;;;;;;;7;0;0;0;3;1;0;0;0;2;1;-10;7;30;M. Debaut
24-25;8;Championat de France;Domicile;Defaite;Roche Vendée;;Banc;Team / Coach;;;;;;;;;;;;;;;;;;;;;;;;0;0;2;2;0;1;0;0;0;0;0;0;0;0;Team / Coach
24-25;8;Championat de France;Domicile;Defaite;Roche Vendée;;Banc;TOTAUX EQUIPE;;;;;27;61;0,44;21;45;0,47;6;16;0,38;12;14;0,86;19;34;4;15;29;10;9;72;12;27;39;19;16;8;5;0;20;19;0;91;0;TOTAUX EQUIPE
24-25;9;Championat de France;Domicile;Defaite;Lattes Montpellier;;Starter;S. Elenga;26;6;0,1;6,1;3;5;0,6;2;3;0,67;1;2;0,5;0;0;;;;;;;;;7;3;3;6;2;1;1;0;0;2;1;6;13;6;S. Elenga
24-25;9;Championat de France;Domicile;Defaite;Lattes Montpellier;;Starter;F. Eldebrink;27;39;0,65;39,65;1;8;0,13;1;4;0,25;0;4;0;2;2;1;;;;;;;;4;0;2;2;7;2;0;1;0;1;1;14;5;9;F. Eldebrink
24-25;9;Championat de France;Domicile;Defaite;Lattes Montpellier;Capitaine;Starter;E. Marie(C);23;30;0,5;30,5;2;8;0,25;1;4;0,25;1;4;0,25;1;3;0,33;;;;;;;;6;1;4;5;2;4;1;0;1;2;5;6;2;21;E. Marie(C)
24-25;9;Championat de France;Domicile;Defaite;Lattes Montpellier;;Starter;R. Le Seyec;17;10;0,17;10,17;2;7;0,29;2;7;0,29;0;0;;1;2;0,5;;;;;;;;5;1;4;5;0;0;0;2;0;3;3;-11;6;27;R. Le Seyec
24-25;9;Championat de France;Domicile;Defaite;Lattes Montpellier;;Starter;N. Enabosi;31;36;0,6;36,6;8;9;0,89;8;9;0,89;0;0;;11;13;0,85;;;;;;;;27;3;3;6;1;5;3;0;0;2;7;11;29;33;N. Enabosi
24-25;9;Championat de France;Domicile;Defaite;Lattes Montpellier;;Banc;S. Colas;15;7;0,12;7,12;0;5;0;0;5;0;0;0;;0;0;;;;;;;;;0;1;1;2;4;1;0;0;1;3;1;-10;0;2;S. Colas
24-25;9;Championat de France;Domicile;Defaite;Lattes Montpellier;;Banc;N. Bruce;0;0;0;0;0;0;;0;0;;0;0;;0;0;;;;;;;;;0;0;0;0;0;0;0;0;0;0;0;0;0;5;N. Bruce
24-25;9;Championat de France;Domicile;Defaite;Lattes Montpellier;;Banc;C. Legrand;13;37;0,62;37,62;2;4;0,5;2;4;0,5;0;0;;1;2;0,5;;;;;;;;5;1;2;3;2;1;2;1;0;1;2;-5;9;7;C. Legrand
24-25;9;Championat de France;Domicile;Defaite;Lattes Montpellier;;Banc;N. Niare;3;3;0,05;3,05;0;3;0;0;3;0;0;0;;0;0;;;;;;;;;0;1;0;1;0;0;0;0;0;0;0;-5;-2;24;N. Niare
24-25;9;Championat de France;Domicile;Defaite;Lattes Montpellier;;Banc;E. Mahoutou;27;48;0,8;48,8;5;7;0,71;5;7;0,71;0;0;;0;0;;;;;;;;;10;0;3;3;2;0;2;1;0;2;1;3;16;26;E. Mahoutou
24-25;9;Championat de France;Domicile;Defaite;Lattes Montpellier;;Banc;M. Debaut;14;3;0,05;3,05;1;5;0,2;0;1;0;1;4;0,25;0;0;;;;;;;;;3;1;0;1;0;3;0;0;0;1;1;-14;-3;30;M. Debaut
24-25;9;Championat de France;Domicile;Defaite;Lattes Montpellier;;Banc;Team / Coach;;;;;;;;;;;;;;;;;;;;;;;;0;4;5;9;0;0;0;0;0;1;0;0;0;0;Team / Coach
24-25;9;Championat de France;Domicile;Defaite;Lattes Montpellier;;Banc;TOTAUX EQUIPE;;;;;24;61;0,39;21;47;0,45;3;14;0,21;16;22;0,73;16;32;15;15;18;4;10;67;16;27;43;20;17;9;5;2;18;22;0;84;0;TOTAUX EQUIPE
24-25;10;Championat de France;Exterieur;Defaite;Villeneuve d'Ascq;;Starter;S. Elenga;18;42;0,7;42,7;1;3;0,33;1;1;1;0;2;0;3;6;0,5;;;;;;;;5;1;2;3;0;1;2;0;0;1;3;-17;4;6;S. Elenga
24-25;10;Championat de France;Exterieur;Defaite;Villeneuve d'Ascq;;Starter;F. Eldebrink;21;41;0,68;41,68;1;8;0,13;1;4;0,25;0;4;0;0;0;;;;;;;;;2;0;1;1;2;3;0;0;0;2;2;-19;-5;9;F. Eldebrink
24-25;10;Championat de France;Exterieur;Defaite;Villeneuve d'Ascq;Capitaine;Starter;E. Marie(C);20;9;0,15;9,15;3;8;0,38;3;6;0,5;0;2;0;1;1;1;;;;;;;;7;1;4;5;2;4;2;0;0;0;2;-12;7;21;E. Marie(C)
24-25;10;Championat de France;Exterieur;Defaite;Villeneuve d'Ascq;;Starter;R. Le Seyec;18;27;0,45;27,45;0;0;;0;0;;0;0;;0;0;;;;;;;;;0;0;4;4;0;2;0;1;0;3;1;-7;3;27;R. Le Seyec
24-25;10;Championat de France;Exterieur;Defaite;Villeneuve d'Ascq;;Starter;N. Enabosi;27;3;0,05;3,05;3;8;0,38;3;8;0,38;0;0;;5;6;0,83;;;;;;;;11;2;3;5;0;5;2;0;0;1;3;-21;7;33;N. Enabosi
24-25;10;Championat de France;Exterieur;Defaite;Villeneuve d'Ascq;;Banc;S. Colas;18;45;0,75;45,75;2;7;0,29;2;7;0,29;0;0;;5;6;0,83;;;;;;;;9;0;5;5;2;3;0;0;1;0;4;-7;7;2;S. Colas
24-25;10;Championat de France;Exterieur;Defaite;Villeneuve d'Ascq;;Banc;N. Bruce;0;0;0;0;0;0;;0;0;;0;0;;0;0;;;;;;;;;0;0;0;0;0;0;0;0;0;0;0;0;0;5;N. Bruce
24-25;10;Championat de France;Exterieur;Defaite;Villeneuve d'Ascq;;Banc;C. Legrand;19;23;0,38;23,38;3;5;0,6;2;4;0,5;1;1;1;1;1;1;;;;;;;;8;0;2;2;2;3;3;0;0;4;2;2;10;7;C. Legrand
24-25;10;Championat de France;Exterieur;Defaite;Villeneuve d'Ascq;;Banc;N. Niare;7;8;0,13;8,13;0;1;0;0;1;0;0;0;;0;0;;;;;;;;;0;0;0;0;0;3;0;1;0;3;1;2;-3;24;N. Niare
24-25;10;Championat de France;Exterieur;Defaite;Villeneuve d'Ascq;;Banc;E. Mahoutou;27;4;0,07;4,07;3;6;0,5;3;6;0,5;0;0;;2;2;1;;;;;;;;8;3;0;3;0;2;3;0;1;4;2;-14;9;26;E. Mahoutou
24-25;10;Championat de France;Exterieur;Defaite;Villeneuve d'Ascq;;Banc;M. Debaut;21;9;0,15;9,15;3;6;0,5;3;4;0,75;0;2;0;0;0;;;;;;;;;6;1;0;1;2;2;0;0;0;2;0;-2;4;30;M. Debaut
24-25;10;Championat de France;Exterieur;Defaite;Villeneuve d'Ascq;;Banc;Team / Coach;;;;;;;;;;;;;;;;;;;;;;;;0;3;3;6;0;0;0;0;0;0;0;0;0;0;Team / Coach
24-25;10;Championat de France;Exterieur;Defaite;Villeneuve d'Ascq;;Banc;TOTAUX EQUIPE;;;;;19;52;0,37;18;41;0,44;1;11;0,09;17;22;0,77;8;22;4;8;31;;10;56;11;24;35;10;28;12;2;2;20;20;0;49;0;TOTAUX EQUIPE
24-25;11;Championat de France;Domicile;Defaite;Tarbes;;Starter;S. Elenga;16;44;0,73;44,73;1;5;0,2;1;4;0,25;0;1;0;0;0;;;;;;;;;2;1;0;1;0;0;0;0;0;2;1;-5;-1;6;S. Elenga
24-25;11;Championat de France;Domicile;Defaite;Tarbes;;Starter;F. Eldebrink;26;42;0,7;42,7;5;10;0,5;2;5;0,4;3;5;0,6;0;0;;;;;;;;;13;0;1;1;1;2;0;0;0;0;0;-13;8;9;F. Eldebrink
24-25;11;Championat de France;Domicile;Defaite;Tarbes;Capitaine;Starter;E. Marie(C);20;2;0,03;2,03;1;3;0,33;0;0;;1;3;0,33;2;2;1;;;;;;;;5;0;1;1;5;6;1;0;0;4;3;-4;4;21;E. Marie(C)
24-25;11;Championat de France;Domicile;Defaite;Tarbes;;Starter;R. Le Seyec;12;54;0,9;54,9;0;1;0;0;1;0;0;0;;1;2;0,5;;;;;;;;1;0;1;1;0;0;0;0;0;1;1;-3;0;27;R. Le Seyec
24-25;11;Championat de France;Domicile;Defaite;Tarbes;;Starter;N. Enabosi;22;38;0,63;38,63;5;5;1;4;4;1;1;1;1;4;6;0,67;;;;;;;;15;2;1;3;2;2;3;0;0;4;4;-5;19;33;N. Enabosi
24-25;11;Championat de France;Domicile;Defaite;Tarbes;;Banc;S. Colas;15;41;0,68;41,68;3;6;0,5;3;5;0,6;0;1;0;4;4;1;;;;;;;;10;1;1;2;3;4;2;1;0;2;5;1;11;2;S. Colas
24-25;11;Championat de France;Domicile;Defaite;Tarbes;;Banc;N. Bruce;0;0;0;0;0;0;;0;0;;0;0;;0;0;;;;;;;;;0;0;0;0;0;0;0;0;0;0;0;0;0;5;N. Bruce
24-25;11;Championat de France;Domicile;Defaite;Tarbes;;Banc;C. Legrand;18;34;0,57;34,57;1;5;0,2;1;4;0,25;0;1;0;0;0;;;;;;;;;2;2;2;4;0;0;1;0;1;1;0;2;3;7;C. Legrand
24-25;11;Championat de France;Domicile;Defaite;Tarbes;;Banc;N. Niare;17;29;0,48;29,48;2;2;1;2;2;1;0;0;;0;0;;;;;;;;;4;0;1;1;0;2;0;0;0;4;0;0;3;24;N. Niare
24-25;11;Championat de France;Domicile;Defaite;Tarbes;;Banc;E. Mahoutou;26;59;0,98;59,98;2;4;0,5;2;4;0,5;0;0;;1;2;0,5;;;;;;;;5;0;2;2;3;2;4;0;0;2;1;4;9;26;E. Mahoutou
24-25;11;Championat de France;Domicile;Defaite;Tarbes;;Banc;M. Debaut;22;17;0,28;17,28;8;12;0,67;3;6;0,5;5;6;0,83;1;2;0,5;;;;;;;;22;0;5;5;3;3;0;0;0;2;2;13;22;30;M. Debaut
24-25;11;Championat de France;Domicile;Defaite;Tarbes;;Banc;Team / Coach;;;;;;;;;;;;;;;;;;;;;;;;0;3;1;4;0;0;0;0;0;0;0;0;0;0;Team / Coach
24-25;11;Championat de France;Domicile;Defaite;Tarbes;;Banc;TOTAUX EQUIPE;;;;;28;53;0,53;18;35;0,51;10;18;0,56;13;18;0,72;26;28;11;16;43;4;8;79;9;16;25;17;21;11;1;1;22;17;0;82;0;TOTAUX EQUIPE
24-25;12;Championat de France;Domicile;Defaite;Bourges;;Starter;S. Elenga;20;41;0,68;41,68;1;5;0,2;0;2;0;1;3;0,33;0;0;;;;;;;;;3;1;0;1;0;0;0;0;0;0;2;-10;0;6;S. Elenga
24-25;12;Championat de France;Domicile;Defaite;Bourges;;Starter;F. Eldebrink;24;10;0,17;10,17;5;10;0,5;2;3;0,67;3;7;0,43;0;0;;;;;;;;;13;0;2;2;3;2;1;0;0;2;1;-10;12;9;F. Eldebrink
24-25;12;Championat de France;Domicile;Defaite;Bourges;Capitaine;Starter;E. Marie(C);24;29;0,48;29,48;3;7;0,43;2;2;1;1;5;0,2;0;0;;;;;;;;;7;0;3;3;7;2;0;0;0;1;1;-4;11;21;E. Marie(C)
24-25;12;Championat de France;Domicile;Defaite;Bourges;;Starter;R. Le Seyec;8;6;0,1;6,1;1;1;1;1;1;1;0;0;;0;2;0;;;;;;;;2;0;1;1;0;2;0;1;0;2;1;4;0;27;R. Le Seyec
24-25;12;Championat de France;Domicile;Defaite;Bourges;;Starter;N. Enabosi;25;22;0,37;22,37;5;8;0,63;5;8;0,63;0;0;;3;4;0,75;;;;;;;;13;1;4;5;2;2;1;0;1;4;6;-7;15;33;N. Enabosi
24-25;12;Championat de France;Domicile;Defaite;Bourges;;Banc;S. Colas;20;20;0,33;20,33;6;11;0,55;6;11;0,55;0;0;;0;0;;;;;;;;;12;1;1;2;4;1;0;0;0;3;2;2;12;2;S. Colas
24-25;12;Championat de France;Domicile;Defaite;Bourges;;Banc;N. Bruce;0;0;0;0;0;0;;0;0;;0;0;;0;0;;;;;;;;;0;0;0;0;0;0;0;0;0;0;0;0;0;5;N. Bruce
24-25;12;Championat de France;Domicile;Defaite;Bourges;;Banc;C. Legrand;12;45;0,75;45,75;1;2;0,5;0;0;;1;2;0,5;0;0;;;;;;;;;3;0;1;1;0;1;0;0;0;2;0;12;2;7;C. Legrand
24-25;12;Championat de France;Domicile;Defaite;Bourges;;Banc;K. Cooper;25;50;0,83;50,83;8;13;0,62;7;10;0,7;1;3;0,33;3;3;1;;;;;;;;20;3;3;6;1;2;1;1;0;2;2;-7;22;12;K. Cooper
24-25;12;Championat de France;Domicile;Defaite;Bourges;;Banc;N. Niare;1;3;0,05;3,05;0;0;;0;0;;0;0;;2;2;1;;;;;;;;2;0;0;0;0;1;0;0;0;2;1;1;1;24;N. Niare
24-25;12;Championat de France;Domicile;Defaite;Bourges;;Banc;E. Mahoutou;18;19;0,32;19,32;1;3;0,33;1;3;0,33;0;0;;0;2;0;;;;;;;;2;1;1;2;0;0;2;0;1;4;1;1;2;26;E. Mahoutou
24-25;12;Championat de France;Domicile;Defaite;Bourges;;Banc;M. Debaut;17;35;0,58;35,58;0;4;0;0;1;0;0;3;0;0;0;;;;;;;;;0;0;3;3;0;0;0;0;0;0;2;-2;-1;30;M. Debaut
24-25;12;Championat de France;Domicile;Defaite;Bourges;;Banc;Team / Coach;;;;;;;;;;;;;;;;;;;;;;;;0;3;2;5;0;2;0;0;0;0;0;0;0;0;Team / Coach
24-25;12;Championat de France;Domicile;Defaite;Bourges;;Banc;TOTAUX EQUIPE;;;;;31;64;0,48;24;41;0,59;7;23;0,3;8;13;0,62;21;36;7;7;39;6;9;77;10;21;31;17;15;5;2;2;22;19;0;79;0;TOTAUX EQUIPE
24-25;13;Championat de France;Exterieur;Victoire;Charnay;;Starter;S. Colas;18;41;0,68;41,68;4;6;0,67;3;5;0,6;1;1;1;2;3;0,67;;;;;;;;11;1;6;7;1;3;0;0;1;0;3;1;13;2;S. Colas
24-25;13;Championat de France;Exterieur;Victoire;Charnay;;Starter;C. Legrand;22;0;0;0;1;2;0,5;1;2;0,5;0;0;;0;0;;;;;;;;;2;1;4;5;2;2;1;0;0;2;0;15;7;7;C. Legrand
24-25;13;Championat de France;Exterieur;Victoire;Charnay;;Starter;K. Cooper;14;22;0,37;22,37;0;4;0;0;3;0;0;1;0;0;0;;;;;;;;;0;0;3;3;1;1;1;0;1;0;0;0;0;12;K. Cooper
24-25;13;Championat de France;Exterieur;Victoire;Charnay;Capitaine;Starter;E. Marie(C);24;48;0,8;48,8;5;9;0,56;1;1;1;4;8;0,5;3;4;0,75;;;;;;;;17;0;2;2;4;3;1;0;0;1;3;5;16;21;E. Marie(C)
24-25;13;Championat de France;Exterieur;Victoire;Charnay;;Starter;N. Enabosi;29;15;0,25;15,25;4;10;0,4;4;10;0,4;0;0;;4;6;0,67;;;;;;;;12;1;2;3;1;4;6;0;2;2;7;6;10;33;N. Enabosi
24-25;13;Championat de France;Exterieur;Victoire;Charnay;;Banc;S. Elenga;16;24;0,4;24,4;0;6;0;0;5;0;0;1;0;0;0;;;;;;;;;0;2;1;3;1;1;2;0;1;3;0;-4;-1;6;S. Elenga
24-25;13;Championat de France;Exterieur;Victoire;Charnay;;Banc;S. Colley;20;11;0,18;11,18;4;9;0,44;0;3;0;4;6;0,67;0;0;;;;;;;;;12;1;2;3;0;3;2;1;0;2;1;5;10;11;S. Colley
24-25;13;Championat de France;Exterieur;Victoire;Charnay;;Banc;N. Niare;1;7;0,12;7,12;0;0;;0;0;;0;0;;0;0;;;;;;;;;0;1;0;1;0;0;0;0;0;0;0;1;1;24;N. Niare
24-25;13;Championat de France;Exterieur;Victoire;Charnay;;Banc;E. Mahoutou;25;14;0,23;14,23;3;5;0,6;3;5;0,6;0;0;;0;0;;;;;;;;;6;0;2;2;2;1;0;0;0;3;1;5;7;26;E. Mahoutou
24-25;13;Championat de France;Exterieur;Victoire;Charnay;;Banc;R. Le Seyec;10;12;0,2;12,2;0;1;0;0;1;0;0;0;;2;2;1;;;;;;;;2;0;2;2;0;3;0;0;0;0;1;-4;0;27;R. Le Seyec
24-25;13;Championat de France;Exterieur;Victoire;Charnay;;Banc;M. Debaut;16;56;0,93;56,93;4;9;0,44;0;0;;4;9;0,44;0;0;;;;;;;;;12;0;3;3;2;1;0;0;0;2;0;-5;11;30;M. Debaut
24-25;13;Championat de France;Exterieur;Victoire;Charnay;;Banc;Team / Coach;;;;;;;;;;;;;;;;;;;;;;;;0;4;4;8;0;2;0;0;0;0;0;0;0;0;Team / Coach
24-25;13;Championat de France;Exterieur;Victoire;Charnay;;Banc;TOTAUX EQUIPE;;;;;25;61;0,41;12;35;0,34;13;26;0,5;11;15;0,73;17;18;6;11;32;12;10;74;11;31;42;14;24;13;1;5;15;16;0;80;0;TOTAUX EQUIPE
24-25;14;Championat de France;Domicile;Defaite;Landerneau;;Starter;S. Elenga;19;36;0,6;36,6;0;0;;0;0;;0;0;;0;0;;;;;;;;;0;1;3;4;0;3;0;0;0;1;0;3;1;6;S. Elenga
24-25;14;Championat de France;Domicile;Defaite;Landerneau;;Starter;S. Colley;21;9;0,15;9,15;1;4;0,25;0;3;0;1;1;1;3;3;1;;;;;;;;6;0;2;2;1;3;1;0;0;2;2;3;4;11;S. Colley
24-25;14;Championat de France;Domicile;Defaite;Landerneau;;Starter;K. Cooper;13;57;0,95;57,95;2;5;0,4;1;3;0,33;1;2;0,5;0;0;;;;;;;;;5;0;2;2;0;0;0;2;0;3;2;-4;6;12;K. Cooper
24-25;14;Championat de France;Domicile;Defaite;Landerneau;Capitaine;Starter;E. Marie(C);20;45;0,75;45,75;2;5;0,4;0;0;;2;5;0,4;0;0;;;;;;;;;6;0;0;0;6;7;0;0;0;2;2;-9;2;21;E. Marie(C)
24-25;14;Championat de France;Domicile;Defaite;Landerneau;;Starter;N. Enabosi;30;8;0,13;8,13;8;11;0,73;7;9;0,78;1;2;0,5;2;3;0,67;;;;;;;;19;0;7;7;1;4;4;0;0;2;3;-6;23;33;N. Enabosi
24-25;14;Championat de France;Domicile;Defaite;Landerneau;;Banc;S. Colas;22;28;0,47;28,47;3;7;0,43;3;7;0,43;0;0;;2;5;0,4;;;;;;;;8;2;2;4;7;0;0;0;0;2;3;-15;12;2;S. Colas
24-25;14;Championat de France;Domicile;Defaite;Landerneau;;Banc;C. Legrand;16;53;0,88;53,88;2;5;0,4;2;4;0,5;0;1;0;1;2;0,5;;;;;;;;5;1;4;5;1;2;1;1;0;2;1;-7;7;7;C. Legrand
24-25;14;Championat de France;Domicile;Defaite;Landerneau;;Banc;E. Mahoutou;16;12;0,2;12,2;1;2;0,5;1;2;0,5;0;0;;0;0;;;;;;;;;2;2;1;3;1;2;1;0;1;1;0;-2;4;26;E. Mahoutou
24-25;14;Championat de France;Domicile;Defaite;Landerneau;;Banc;R. Le Seyec;19;9;0,15;9,15;3;4;0,75;3;4;0,75;0;0;;1;2;0,5;;;;;;;;7;0;2;2;2;2;0;1;0;1;1;-1;8;27;R. Le Seyec
24-25;14;Championat de France;Domicile;Defaite;Landerneau;;Banc;M. Debaut;19;43;0,72;43,72;3;7;0,43;1;2;0,5;2;5;0,4;0;0;;;;;;;;;8;0;0;0;2;3;0;0;0;2;0;8;3;30;M. Debaut
24-25;14;Championat de France;Domicile;Defaite;Landerneau;;Banc;Team / Coach;;;;;;;;;;;;;;;;;;;;;;;;0;1;4;5;0;0;0;0;0;0;0;0;0;0;Team / Coach
24-25;14;Championat de France;Domicile;Defaite;Landerneau;;Banc;TOTAUX EQUIPE;;;;;25;50;0,5;18;34;0,53;7;16;0,44;9;15;0,6;15;22;8;5;30;8;6;66;7;27;34;21;26;7;4;1;18;14;0;75;0;TOTAUX EQUIPE
24-25;15;Championat de France;Exterieur;Defaite;Lyon Asvel Féminin;;Starter;C. Legrand;18;19;0,32;19,32;2;4;0,5;2;3;0,67;0;1;0;3;4;0,75;;;;;;;;7;2;0;2;2;1;5;0;0;5;3;4;12;7;C. Legrand
24-25;15;Championat de France;Exterieur;Defaite;Lyon Asvel Féminin;;Starter;S. Colley;19;31;0,52;31,52;2;5;0,4;1;2;0,5;1;3;0,33;0;0;;;;;;;;;5;0;2;2;2;4;1;0;0;5;1;-18;3;11;S. Colley
24-25;15;Championat de France;Exterieur;Defaite;Lyon Asvel Féminin;;Starter;K. Cooper;14;1;0,02;1,02;2;6;0,33;2;3;0,67;0;3;0;0;0;;;;;;;;;4;0;0;0;0;1;1;1;0;3;2;-8;1;12;K. Cooper
24-25;15;Championat de France;Exterieur;Defaite;Lyon Asvel Féminin;Capitaine;Starter;E. Marie(C);20;30;0,5;30,5;2;6;0,33;0;2;0;2;4;0,5;0;0;;;;;;;;;6;0;3;3;2;4;1;0;0;0;2;-13;4;21;E. Marie(C)
24-25;15;Championat de France;Exterieur;Defaite;Lyon Asvel Féminin;;Starter;N. Enabosi;24;1;0,02;1,02;4;10;0,4;4;9;0,44;0;1;0;2;7;0,29;;;;;;;;10;2;5;7;3;0;2;1;0;4;7;-18;12;33;N. Enabosi
24-25;15;Championat de France;Exterieur;Defaite;Lyon Asvel Féminin;;Banc;S. Colas;21;25;0,42;25,42;3;7;0,43;3;5;0,6;0;2;0;4;6;0,67;;;;;;;;10;1;2;3;1;3;0;0;0;2;3;-5;5;2;S. Colas
24-25;15;Championat de France;Exterieur;Defaite;Lyon Asvel Féminin;;Banc;S. Elenga;22;2;0,03;2,03;1;7;0,14;1;4;0,25;0;3;0;2;4;0,5;;;;;;;;4;0;2;2;1;0;0;0;0;1;3;-25;-1;6;S. Elenga
24-25;15;Championat de France;Exterieur;Defaite;Lyon Asvel Féminin;;Banc;E. Mahoutou;19;48;0,8;48,8;4;4;1;4;4;1;0;0;;2;2;1;;;;;;;;10;2;1;3;2;0;1;0;0;5;1;-2;16;26;E. Mahoutou
24-25;15;Championat de France;Exterieur;Defaite;Lyon Asvel Féminin;;Banc;R. Le Seyec;22;10;0,17;10,17;1;8;0,13;1;6;0,17;0;2;0;0;0;;;;;;;;;2;2;2;4;1;1;0;1;0;1;0;-14;0;27;R. Le Seyec
24-25;15;Championat de France;Exterieur;Defaite;Lyon Asvel Féminin;;Banc;M. Debaut;18;13;0,22;13,22;1;8;0,13;0;5;0;1;3;0,33;0;0;;;;;;;;;3;0;1;1;2;0;0;0;0;2;0;-6;-1;30;M. Debaut
24-25;15;Championat de France;Exterieur;Defaite;Lyon Asvel Féminin;;Banc;Team / Coach;;;;;;;;;;;;;;;;;;;;;;;;0;1;4;5;0;0;0;0;0;0;0;0;0;0;Team / Coach
24-25;15;Championat de France;Exterieur;Defaite;Lyon Asvel Féminin;;Banc;TOTAUX EQUIPE;;;;;22;65;0,34;18;43;0,42;4;22;0,18;13;23;0,57;18;36;3;11;29;2;9;61;10;22;32;16;14;11;3;0;28;22;0;56;0;TOTAUX EQUIPE
24-25;16;Championat de France;Domicile;Victoire;Angers;;Starter;C. Legrand;15;10;0,17;10,17;1;3;0,33;0;2;0;1;1;1;0;0;;;;;;;;;3;0;1;1;0;1;0;0;0;2;0;-3;1;7;C. Legrand
24-25;16;Championat de France;Domicile;Victoire;Angers;;Starter;S. Colley;29;37;0,62;37,62;7;12;0,58;5;7;0,71;2;5;0,4;2;2;1;;;;;;;;18;0;1;1;5;4;2;0;0;3;2;-6;17;11;S. Colley
24-25;16;Championat de France;Domicile;Victoire;Angers;Capitaine;Starter;E. Marie(C);23;39;0,65;39,65;0;4;0;0;0;;0;4;0;0;0;;;;;;;;;0;0;4;4;10;2;2;0;0;0;0;10;10;21;E. Marie(C)
24-25;16;Championat de France;Domicile;Victoire;Angers;;Starter;R. Le Seyec;19;50;0,83;50,83;6;9;0,67;6;8;0,75;0;1;0;1;3;0,33;;;;;;;;13;1;4;5;2;1;1;3;1;2;2;-7;18;27;R. Le Seyec
24-25;16;Championat de France;Domicile;Victoire;Angers;;Starter;N. Enabosi;26;32;0,53;32,53;4;8;0,5;4;8;0,5;0;0;;2;6;0,33;;;;;;;;10;0;5;5;2;0;2;0;1;3;5;8;11;33;N. Enabosi
24-25;16;Championat de France;Domicile;Victoire;Angers;;Banc;S. Colas;18;31;0,52;31,52;3;5;0,6;3;5;0,6;0;0;;0;0;;;;;;;;;6;1;1;2;1;2;1;0;1;3;3;4;6;2;S. Colas
24-25;16;Championat de France;Domicile;Victoire;Angers;;Banc;N. Bruce;0;0;0;0;0;0;;0;0;;0;0;;0;0;;;;;;;;;0;0;0;0;0;0;0;0;0;0;0;0;0;5;N. Bruce
24-25;16;Championat de France;Domicile;Victoire;Angers;;Banc;S. Elenga;17;27;0,45;27,45;2;4;0,5;2;3;0,67;0;1;0;0;2;0;;;;;;;;4;2;1;3;1;1;0;1;0;2;2;-1;4;6;S. Elenga
24-25;16;Championat de France;Domicile;Victoire;Angers;;Banc;K. Cooper;19;58;0,97;58,97;3;11;0,27;3;9;0,33;0;2;0;2;2;1;;;;;;;;8;2;5;7;1;2;3;3;0;2;1;8;12;12;K. Cooper
24-25;16;Championat de France;Domicile;Victoire;Angers;;Banc;E. Mahoutou;13;47;0,78;47,78;1;1;1;1;1;1;0;0;;0;0;;;;;;;;;2;0;1;1;1;0;3;0;0;0;0;-7;7;26;E. Mahoutou
24-25;16;Championat de France;Domicile;Victoire;Angers;;Banc;M. Debaut;15;29;0,48;29,48;3;7;0,43;2;4;0,5;1;3;0,33;1;1;1;;;;;;;;8;0;1;1;2;1;2;0;0;1;2;-1;8;30;M. Debaut
24-25;16;Championat de France;Domicile;Victoire;Angers;;Banc;Team / Coach;;;;;;;;;;;;;;;;;;;;;;;;0;1;0;1;0;0;0;0;0;0;0;0;0;0;Team / Coach
24-25;16;Championat de France;Domicile;Victoire;Angers;;Banc;TOTAUX EQUIPE;;;;;30;64;0,47;26;47;0,55;4;17;0,24;8;16;0,5;22;46;10;9;28;16;8;72;7;24;31;25;14;16;7;3;18;17;0;95;0;TOTAUX EQUIPE
24-25;17;Championat de France;Exterieur;Defaite;Charleville-Mézičres;;Starter;C. Legrand;25;25;0,42;25,42;2;5;0,4;2;3;0,67;0;2;0;0;0;;;;;;;;;4;2;4;6;6;6;1;1;0;3;2;-7;9;7;C. Legrand
24-25;17;Championat de France;Exterieur;Defaite;Charleville-Mézičres;;Starter;S. Colley;31;49;0,82;49,82;6;17;0,35;3;7;0,43;3;10;0,3;4;4;1;;;;;;;;19;0;2;2;3;0;1;0;2;5;5;-9;14;11;S. Colley
24-25;17;Championat de France;Exterieur;Defaite;Charleville-Mézičres;;Starter;K. Cooper;23;20;0,33;20,33;6;12;0,5;3;8;0,38;3;4;0,75;2;2;1;;;;;;;;17;0;2;2;1;1;0;0;0;4;1;5;13;12;K. Cooper
24-25;17;Championat de France;Exterieur;Defaite;Charleville-Mézičres;Capitaine;Starter;E. Marie(C);24;34;0,57;34,57;2;7;0,29;1;5;0,2;1;2;0,5;0;0;;;;;;;;;5;1;6;7;4;7;0;0;0;2;2;-6;4;21;E. Marie(C)
24-25;17;Championat de France;Exterieur;Defaite;Charleville-Mézičres;;Starter;N. Enabosi;32;53;0,88;53,88;4;7;0,57;4;7;0,57;0;0;;2;2;1;;;;;;;;10;1;4;5;2;5;0;0;0;3;5;-12;9;33;N. Enabosi
24-25;17;Championat de France;Exterieur;Defaite;Charleville-Mézičres;;Banc;S. Colas;0;0;0;0;0;0;;0;0;;0;0;;0;0;;;;;;;;;0;0;0;0;0;0;0;0;0;0;0;0;0;2;S. Colas
24-25;17;Championat de France;Exterieur;Defaite;Charleville-Mézičres;;Banc;N. Bruce;0;0;0;0;0;0;;0;0;;0;0;;0;0;;;;;;;;;0;0;0;0;0;0;0;0;0;0;0;0;0;5;N. Bruce
24-25;17;Championat de France;Exterieur;Defaite;Charleville-Mézičres;;Banc;S. Elenga;25;45;0,75;45,75;4;5;0,8;3;4;0,75;1;1;1;0;0;;;;;;;;;9;1;3;4;3;1;1;0;0;0;0;-5;15;6;S. Elenga
24-25;17;Championat de France;Exterieur;Defaite;Charleville-Mézičres;;Banc;E. Mahoutou;27;23;0,38;23,38;3;6;0,5;3;6;0,5;0;0;;0;1;0;;;;;;;;6;2;1;3;1;3;1;0;1;2;1;-16;4;26;E. Mahoutou
24-25;17;Championat de France;Exterieur;Defaite;Charleville-Mézičres;;Banc;M. Debaut;8;1;0,02;1,02;1;2;0,5;1;1;1;0;1;0;0;0;;;;;;;;;2;0;0;0;2;1;0;0;0;2;1;-5;2;30;M. Debaut
24-25;17;Championat de France;Exterieur;Defaite;Charleville-Mézičres;;Banc;Team / Coach;;;;;;;;;;;;;;;;;;;;;;;;0;5;2;7;0;1;0;0;0;1;0;0;0;0;Team / Coach
24-25;17;Championat de France;Exterieur;Defaite;Charleville-Mézičres;;Banc;TOTAUX EQUIPE;;;;;28;61;0,46;20;41;0,49;8;20;0,4;8;9;0,89;13;26;7;8;17;6;10;72;12;24;36;22;25;4;1;3;22;17;0;76;0;TOTAUX EQUIPE
24-25;18;Championat de France;Domicile;Defaite;Basket Landes;;Starter;C. Legrand;15;7;0,12;7,12;4;6;0,67;3;5;0,6;1;1;1;1;1;1;;;;;;;;10;1;1;2;1;1;1;0;1;5;2;1;11;7;C. Legrand
24-25;18;Championat de France;Domicile;Defaite;Basket Landes;;Starter;S. Colley;32;26;0,43;26,43;1;7;0,14;1;3;0,33;0;4;0;2;2;1;;;;;;;;4;1;3;4;4;4;4;0;0;2;4;-2;6;11;S. Colley
24-25;18;Championat de France;Domicile;Defaite;Basket Landes;Capitaine;Starter;E. Marie(C);17;47;0,78;47,78;1;2;0,5;0;1;0;1;1;1;0;0;;;;;;;;;3;0;0;0;1;5;0;0;1;3;1;-11;-2;21;E. Marie(C)
24-25;18;Championat de France;Domicile;Defaite;Basket Landes;;Starter;R. Le Seyec;14;22;0,37;22,37;1;1;1;1;1;1;0;0;;1;2;0,5;;;;;;;;3;0;2;2;0;2;0;0;0;3;2;-16;2;27;R. Le Seyec
24-25;18;Championat de France;Domicile;Defaite;Basket Landes;;Starter;N. Enabosi;21;6;0,1;6,1;2;5;0,4;2;5;0,4;0;0;;10;12;0,83;;;;;;;;14;0;6;6;0;3;0;0;1;4;9;2;12;33;N. Enabosi
24-25;18;Championat de France;Domicile;Defaite;Basket Landes;;Banc;N. Bruce;0;0;0;0;0;0;;0;0;;0;0;;0;0;;;;;;;;;0;0;0;0;0;0;0;0;0;0;0;0;0;5;N. Bruce
24-25;18;Championat de France;Domicile;Defaite;Basket Landes;;Banc;S. Elenga;26;11;0,18;11,18;3;8;0,38;2;7;0,29;1;1;1;2;6;0,33;;;;;;;;9;2;7;9;2;1;0;0;0;2;4;-9;10;6;S. Elenga
24-25;18;Championat de France;Domicile;Defaite;Basket Landes;;Banc;K. Cooper;17;58;0,97;58,97;2;5;0,4;1;4;0,25;1;1;1;0;0;;;;;;;;;5;0;2;2;0;4;1;0;0;2;0;5;1;12;K. Cooper
24-25;18;Championat de France;Domicile;Defaite;Basket Landes;;Banc;E. Mahoutou;26;34;0,57;34,57;5;6;0,83;5;6;0,83;0;0;;0;0;;;;;;;;;10;2;3;5;2;0;4;0;0;2;0;-5;20;26;E. Mahoutou
24-25;18;Championat de France;Domicile;Defaite;Basket Landes;;Banc;M. Debaut;28;29;0,48;29,48;2;8;0,25;2;5;0,4;0;3;0;2;2;1;;;;;;;;6;0;2;2;4;2;0;0;1;2;3;0;4;30;M. Debaut
24-25;18;Championat de France;Domicile;Defaite;Basket Landes;;Banc;Team / Coach;;;;;;;;;;;;;;;;;;;;;;;;0;1;4;5;0;0;0;0;0;1;0;0;0;0;Team / Coach
24-25;18;Championat de France;Domicile;Defaite;Basket Landes;;Banc;TOTAUX EQUIPE;;;;;21;48;0,44;17;37;0,46;4;11;0,36;18;25;0,72;14;28;11;10;30;4;7;64;7;30;37;14;22;10;0;4;26;25;0;69;0;TOTAUX EQUIPE
24-25;19;Championat de France;Exterieur;Defaite;Roche Vendée;;Starter;C. Legrand;23;51;0,85;51,85;1;7;0,14;1;6;0,17;0;1;0;1;2;0,5;;;;;;;;3;1;3;4;1;5;1;0;0;2;1;0;-3;7;C. Legrand
24-25;19;Championat de France;Exterieur;Defaite;Roche Vendée;;Starter;S. Colley;28;8;0,13;8,13;4;9;0,44;2;3;0,67;2;6;0,33;3;3;1;;;;;;;;13;1;4;5;1;2;2;0;0;5;5;-4;14;11;S. Colley
24-25;19;Championat de France;Exterieur;Defaite;Roche Vendée;Capitaine;Starter;E. Marie(C);27;15;0,25;15,25;3;12;0,25;1;7;0,14;2;5;0,4;0;0;;;;;;;;;8;0;2;2;3;1;3;0;1;3;2;-9;6;21;E. Marie(C)
24-25;19;Championat de France;Exterieur;Defaite;Roche Vendée;;Starter;E. Mahoutou;26;33;0,55;33,55;5;10;0,5;5;10;0,5;0;0;;0;2;0;;;;;;;;10;5;1;6;0;2;2;0;1;3;1;-5;9;26;E. Mahoutou
24-25;19;Championat de France;Exterieur;Defaite;Roche Vendée;;Starter;N. Enabosi;28;56;0,93;56,93;5;13;0,38;4;12;0,33;1;1;1;1;3;0,33;;;;;;;;12;3;10;13;1;1;0;0;3;3;3;-9;15;33;N. Enabosi
24-25;19;Championat de France;Exterieur;Defaite;Roche Vendée;;Banc;S. Elenga;19;36;0,6;36,6;1;3;0,33;1;3;0,33;0;0;;0;0;;;;;;;;;2;1;3;4;2;2;0;0;1;0;0;-12;4;6;S. Elenga
24-25;19;Championat de France;Exterieur;Defaite;Roche Vendée;;Banc;K. Cooper;17;56;0,93;56,93;3;10;0,3;2;7;0,29;1;3;0,33;0;0;;;;;;;;;7;3;1;4;0;3;1;1;0;3;1;-11;3;12;K. Cooper
24-25;19;Championat de France;Exterieur;Defaite;Roche Vendée;;Banc;R. Le Seyec;6;5;0,08;5,08;1;1;1;1;1;1;0;0;;0;0;;;;;;;;;2;0;2;2;0;2;0;0;0;1;0;-7;2;27;R. Le Seyec
24-25;19;Championat de France;Exterieur;Defaite;Roche Vendée;;Banc;M. Debaut;21;10;0,17;10,17;1;9;0,11;0;4;0;1;5;0,2;0;0;;;;;;;;;3;0;1;1;1;0;0;0;0;2;0;-23;-3;30;M. Debaut
24-25;19;Championat de France;Exterieur;Defaite;Roche Vendée;;Banc;Team / Coach;;;;;;;;;;;;;;;;;;;;;;;;0;1;2;3;0;0;0;0;0;0;0;0;0;0;Team / Coach
24-25;19;Championat de France;Exterieur;Defaite;Roche Vendée;;Banc;TOTAUX EQUIPE;;;;;24;74;0,32;17;53;0,32;7;21;0,33;5;10;0,5;15;26;13;22;14;6;6;60;15;29;44;9;18;9;1;6;22;13;0;50;0;TOTAUX EQUIPE
24-25;20;Championat de France;Exterieur;Defaite;Lattes Montpellier;;Starter;S. Elenga;19;52;0,87;52,87;1;3;0,33;1;2;0,5;0;1;0;0;0;;;;;;;;;2;1;2;3;0;6;0;1;0;3;1;-6;-2;6;S. Elenga
24-25;20;Championat de France;Exterieur;Defaite;Lattes Montpellier;;Starter;S. Colley;19;48;0,8;48,8;1;6;0,17;1;4;0,25;0;2;0;1;2;0,5;;;;;;;;3;0;5;5;3;3;0;0;0;1;1;-5;2;11;S. Colley
24-25;20;Championat de France;Exterieur;Defaite;Lattes Montpellier;;Starter;K. Cooper;22;20;0,33;20,33;5;9;0,56;1;4;0,25;4;5;0,8;7;8;0,88;;;;;;;;21;0;5;5;2;1;2;0;0;2;4;10;24;12;K. Cooper
24-25;20;Championat de France;Exterieur;Defaite;Lattes Montpellier;Capitaine;Starter;E. Marie(C);26;6;0,1;6,1;0;4;0;0;1;0;0;3;0;0;0;;;;;;;;;0;0;4;4;9;5;1;0;0;5;1;4;5;21;E. Marie(C)
24-25;20;Championat de France;Exterieur;Defaite;Lattes Montpellier;;Starter;N. Enabosi;24;2;0,03;2,03;3;5;0,6;2;4;0,5;1;1;1;4;4;1;;;;;;;;11;1;2;3;2;1;3;0;1;1;3;-3;16;33;N. Enabosi
24-25;20;Championat de France;Exterieur;Defaite;Lattes Montpellier;;Banc;N. Bruce;2;8;0,13;8,13;0;0;;0;0;;0;0;;0;0;;;;;;;;;0;0;0;0;0;0;0;0;0;0;1;-11;0;5;N. Bruce
24-25;20;Championat de France;Exterieur;Defaite;Lattes Montpellier;;Banc;C. Legrand;20;14;0,23;14,23;2;6;0,33;2;5;0,4;0;1;0;1;2;0,5;;;;;;;;5;1;3;4;4;0;2;1;0;5;2;5;11;7;C. Legrand
24-25;20;Championat de France;Exterieur;Defaite;Lattes Montpellier;;Banc;E. Mahoutou;20;35;0,58;35,58;5;5;1;5;5;1;0;0;;0;0;;;;;;;;;10;1;4;5;0;4;0;0;0;1;1;4;11;26;E. Mahoutou
24-25;20;Championat de France;Exterieur;Defaite;Lattes Montpellier;;Banc;R. Le Seyec;15;49;0,82;49,82;2;3;0,67;2;2;1;0;1;0;3;3;1;;;;;;;;7;0;0;0;1;1;0;1;0;2;3;-9;7;27;R. Le Seyec
24-25;20;Championat de France;Exterieur;Defaite;Lattes Montpellier;;Banc;M. Debaut;29;6;0,1;6,1;4;10;0,4;0;1;0;4;9;0,44;2;4;0,5;;;;;;;;14;0;2;2;6;2;1;0;0;1;2;6;13;30;M. Debaut
24-25;20;Championat de France;Exterieur;Defaite;Lattes Montpellier;;Banc;Team / Coach;;;;;;;;;;;;;;;;;;;;;;;;0;1;2;3;0;0;0;0;0;0;0;0;0;0;Team / Coach
24-25;20;Championat de France;Exterieur;Defaite;Lattes Montpellier;;Banc;TOTAUX EQUIPE;;;;;23;51;0,45;14;28;0,5;9;23;0,39;18;23;0,78;23;22;2;19;36;9;9;73;5;29;34;27;23;9;3;1;21;19;0;90;0;TOTAUX EQUIPE
24-25;21;Championat de France;Domicile;Defaite;Villeneuve d'Ascq;;Starter;S. Elenga;16;14;0,23;14,23;0;2;0;0;1;0;0;1;0;0;0;;;;;;;;;0;0;3;3;0;0;2;2;0;1;0;-6;5;6;S. Elenga
24-25;21;Championat de France;Domicile;Defaite;Villeneuve d'Ascq;;Starter;S. Colley;26;16;0,27;16,27;3;12;0,25;3;8;0,38;0;4;0;5;5;1;;;;;;;;11;1;2;3;2;3;2;1;0;2;4;-14;7;11;S. Colley
24-25;21;Championat de France;Domicile;Defaite;Villeneuve d'Ascq;;Starter;K. Cooper;19;37;0,62;37,62;3;6;0,5;2;4;0,5;1;2;0,5;0;1;0;;;;;;;;7;0;3;3;0;3;1;2;0;2;0;-23;6;12;K. Cooper
24-25;21;Championat de France;Domicile;Defaite;Villeneuve d'Ascq;Capitaine;Starter;E. Marie(C);29;20;0,33;20,33;0;5;0;0;1;0;0;4;0;1;2;0,5;;;;;;;;1;0;2;2;8;1;0;0;0;3;3;-28;4;21;E. Marie(C)
24-25;21;Championat de France;Domicile;Defaite;Villeneuve d'Ascq;;Starter;N. Enabosi;21;21;0,35;21,35;1;9;0,11;1;7;0,14;0;2;0;5;6;0,83;;;;;;;;7;0;4;4;0;1;2;0;1;2;5;-20;3;33;N. Enabosi
24-25;21;Championat de France;Domicile;Defaite;Villeneuve d'Ascq;;Banc;N. Bruce;0;0;0;0;0;0;;0;0;;0;0;;0;0;;;;;;;;;0;0;0;0;0;0;0;0;0;0;0;0;0;5;N. Bruce
24-25;21;Championat de France;Domicile;Defaite;Villeneuve d'Ascq;;Banc;C. Legrand;19;30;0,5;30,5;3;8;0,38;1;3;0,33;2;5;0,4;0;0;;;;;;;;;8;2;3;5;2;0;3;0;0;1;2;-25;13;7;C. Legrand
24-25;21;Championat de France;Domicile;Defaite;Villeneuve d'Ascq;;Banc;E. Mahoutou;20;32;0,53;32,53;0;3;0;0;3;0;0;0;;0;0;;;;;;;;;0;1;3;4;2;1;0;0;1;1;0;-15;2;26;E. Mahoutou
24-25;21;Championat de France;Domicile;Defaite;Villeneuve d'Ascq;;Banc;R. Le Seyec;20;23;0,38;23,38;2;6;0,33;2;6;0,33;0;0;;3;4;0,75;;;;;;;;7;1;2;3;0;1;0;1;0;1;3;-10;5;27;R. Le Seyec
24-25;21;Championat de France;Domicile;Defaite;Villeneuve d'Ascq;;Banc;M. Debaut;26;47;0,78;47,78;5;13;0,38;2;6;0,33;3;7;0,43;0;0;;;;;;;;;13;0;1;1;0;4;0;0;1;3;0;-24;2;30;M. Debaut
24-25;21;Championat de France;Domicile;Defaite;Villeneuve d'Ascq;;Banc;Team / Coach;;;;;;;;;;;;;;;;;;;;;;;;0;1;3;4;0;1;0;0;0;0;0;0;0;0;Team / Coach
24-25;21;Championat de France;Domicile;Defaite;Villeneuve d'Ascq;;Banc;TOTAUX EQUIPE;;;;;17;64;0,27;11;39;0,28;6;25;0,24;14;18;0,78;18;14;3;13;28;1;6;54;6;26;32;14;15;10;6;3;16;17;0;50;0;TOTAUX EQUIPE
24-25;22;Championat de France;Exterieur;Defaite;Tarbes;;Starter;C. Legrand;25;14;0,23;14,23;5;14;0,36;5;9;0,56;0;5;0;1;2;0,5;;;;;;;;11;2;3;5;2;2;3;0;0;2;3;-10;9;7;C. Legrand
24-25;22;Championat de France;Exterieur;Defaite;Tarbes;;Starter;K. Cooper;17;57;0,95;57,95;7;9;0,78;6;7;0,86;1;2;0,5;0;1;0;;;;;;;;15;3;4;7;0;4;4;0;0;3;2;3;19;12;K. Cooper
24-25;22;Championat de France;Exterieur;Defaite;Tarbes;Capitaine;Starter;E. Marie(C);24;48;0,8;48,8;0;2;0;0;0;;0;2;0;1;2;0,5;;;;;;;;1;0;3;3;6;4;2;0;0;0;2;-14;5;21;E. Marie(C)
24-25;22;Championat de France;Exterieur;Defaite;Tarbes;;Starter;M. Debaut;30;55;0,92;55,92;3;15;0,2;0;5;0;3;10;0,3;1;2;0,5;;;;;;;;10;0;2;2;3;2;2;0;1;2;1;-6;2;30;M. Debaut
24-25;22;Championat de France;Exterieur;Defaite;Tarbes;;Starter;N. Enabosi;25;16;0,27;16,27;2;8;0,25;2;8;0,25;0;0;;6;8;0,75;;;;;;;;10;2;3;5;4;4;1;0;1;1;6;-10;8;33;N. Enabosi
24-25;22;Championat de France;Exterieur;Defaite;Tarbes;;Banc;N. Bruce;15;3;0,05;3,05;1;4;0,25;1;3;0,33;0;1;0;0;0;;;;;;;;;2;0;0;0;1;0;0;0;0;0;0;-14;0;5;N. Bruce
24-25;22;Championat de France;Exterieur;Defaite;Tarbes;;Banc;S. Elenga;22;21;0,35;21,35;1;6;0,17;1;6;0,17;0;0;;2;6;0,33;;;;;;;;4;4;2;6;2;3;1;0;0;3;4;-8;1;6;S. Elenga
24-25;22;Championat de France;Exterieur;Defaite;Tarbes;;Banc;E. Mahoutou;16;23;0,38;23,38;3;6;0,5;3;6;0,5;0;0;;0;1;0;;;;;;;;6;3;1;4;2;0;1;0;0;2;1;-10;9;26;E. Mahoutou
24-25;22;Championat de France;Exterieur;Defaite;Tarbes;;Banc;R. Le Seyec;22;3;0,05;3,05;3;4;0,75;3;3;1;0;1;0;1;2;0,5;;;;;;;;7;3;1;4;0;1;0;1;0;0;2;-21;9;27;R. Le Seyec
24-25;22;Championat de France;Exterieur;Defaite;Tarbes;;Banc;Team / Coach;;;;;;;;;;;;;;;;;;;;;;;;0;3;4;7;0;1;0;0;0;0;0;0;0;0;Team / Coach
24-25;22;Championat de France;Exterieur;Defaite;Tarbes;;Banc;TOTAUX EQUIPE;;;;;25;68;0,37;21;47;0,45;4;21;0,19;12;24;0,5;23;36;15;8;19;;7;66;20;23;43;20;21;14;1;2;13;21;0;68;0;TOTAUX EQUIPE
25-26;1;Championat de France;Domicile;;Bourges;;Starter;Y. Enjolvy;;;;;;;;;;;;;;0;0;;;;;;;;;11;1;1;2;5;4;0;0;0;4;1;-5;8;2;Y. Enjolvy
25-26;1;Championat de France;Domicile;;Bourges;;Starter;C. Legrand;;;;;;;;0;0;;;;;0;0;;;;;;;;;3;3;1;4;2;2;2;1;0;4;2;1;10;7;C. Legrand
25-26;1;Championat de France;Domicile;;Bourges;;Starter;J. Bailey;;;;;;;;;;;0;3;0,00;;;;;;;;;;;18;2;9;11;5;5;5;0;0;5;10;3;25;10;J. Bailey
25-26;1;Championat de France;Domicile;;Bourges;Capitaine;Starter;K. Elenga(C);;;;;0;8;0,00;0;3;0,00;0;5;0,00;0;2;0,00;;;;;;;;0;2;2;4;0;0;0;0;1;0;2;10;-6;18;K. Elenga(C)
25-26;1;Championat de France;Domicile;;Bourges;;Starter;N. Enabosi;;;;;;;;;;;;;;;;;;;;;;;;15;0;7;7;1;1;1;0;1;2;4;4;17;33;N. Enabosi
25-26;1;Championat de France;Domicile;;Bourges;;Banc;J. Mavambou;;;;;0;5;0,00;0;4;0,00;0;1;0,00;0;0;;;;;;;;;0;0;2;2;0;0;1;0;1;0;0;-11;-2;8;J. Mavambou
25-26;1;Championat de France;Domicile;;Bourges;;Banc;A. Baker;;;;;0;0;;0;0;;0;0;;0;0;;;;;;;;;0;0;0;0;0;0;0;0;0;0;0;0;0;15;A. Baker
25-26;1;Championat de France;Domicile;;Bourges;;Banc;E. Marie;;;;;0;0;;0;0;;0;0;;0;0;;;;;;;;;0;0;0;0;0;0;0;0;0;0;0;0;0;21;E. Marie
25-26;1;Championat de France;Domicile;;Bourges;;Banc;E. Zemoura;;;;;;;;;;;0;1;0,00;;;;;;;;;;;5;0;1;1;0;0;1;0;1;4;1;-9;1;22;E. Zemoura
25-26;1;Championat de France;Domicile;;Bourges;;Banc;A. Kone;;;;;;;;;;;0;1;0,00;;;;;;;;;;;6;0;4;4;0;1;0;0;0;2;4;-13;3;26;A. Kone
25-26;1;Championat de France;Domicile;;Bourges;;Banc;Team / Coach;;;;;;;;;;;;;;;;;;;;;;;;0;4;4;8;0;1;0;0;0;0;0;0;0;0;Team / Coach
25-26;1;Championat de France;Domicile;;Bourges;;Banc;TOTAUX EQUIPE;;;;;18;57;0,32;14;35;0,40;;;;18;27;0,67;15;26;6;6;11;7;7;58;12;31;43;13;14;10;1;4;21;24;0;63;0;TOTAUX EQUIPE
25-26;2;Championat de France;Exterieur;;Charnay;;Starter;Y. Enjolvy;;;;;;;;;;;;;;;;;;;;;;;;8;0;0;0;9;1;1;0;0;4;1;-6;10;2;Y. Enjolvy
25-26;2;Championat de France;Exterieur;;Charnay;;Starter;C. Legrand;;;;;;;;;;;0;2;0,00;;;;;;;;;;;9;2;1;3;6;1;1;1;2;3;3;-14;12;7;C. Legrand
25-26;2;Championat de France;Exterieur;;Charnay;;Starter;J. Bailey;;;;;;;;;;;;;;0;0;;;;;;;;;9;2;7;9;2;6;2;0;0;5;3;-16;14;10;J. Bailey
25-26;2;Championat de France;Exterieur;;Charnay;;Starter;A. Kone;;;;;;;;;;;0;1;0,00;;;;;;;;;;;16;1;7;8;0;7;0;1;0;4;3;-12;12;26;A. Kone
25-26;2;Championat de France;Exterieur;;Charnay;;Starter;N. Enabosi;;;;;;;;;;;0;2;0,00;;;;;;;;;;;19;2;6;8;1;0;3;0;1;4;5;-8;20;33;N. Enabosi
25-26;2;Championat de France;Exterieur;;Charnay;;Banc;J. Mavambou;;;;;;;;;;;0;1;0,00;0;4;0,00;;;;;;;;2;1;2;3;1;2;0;0;0;3;2;-21;-1;8;J. Mavambou
25-26;2;Championat de France;Exterieur;;Charnay;Capitaine;Banc;K. Elenga(C);;;;;;;;0;0;;;;;0;0;;;;;;;;;3;0;4;4;1;2;0;0;2;0;0;0;1;18;K. Elenga(C)
25-26;2;Championat de France;Exterieur;;Charnay;;Banc;J. Francheteau;;;;;0;0;;0;0;;0;0;;0;0;;;;;;;;;0;0;0;0;0;0;0;0;0;0;0;-3;0;21;J. Francheteau
25-26;2;Championat de France;Exterieur;;Charnay;;Banc;E. Zemoura;;;;;;;;;;;0;1;0,00;;;;;;;;;;;8;1;2;3;2;3;0;0;2;1;2;5;6;22;E. Zemoura
25-26;2;Championat de France;Exterieur;;Charnay;;Banc;Team / Coach;;;;;;;;;;;;;;;;;;;;;;;;0;5;1;6;0;4;0;0;0;0;0;0;0;0;Team / Coach
25-26;2;Championat de France;Exterieur;;Charnay;;Banc;TOTAUX EQUIPE;;;;;29;69;0,42;26;47;0,55;;;;13;20;0,65;17;44;17;17;13;12;9;74;14;30;44;22;26;7;2;7;24;19;0;76;0;TOTAUX EQUIPE
25-26;3;Championat de France;Domicile;;Angers;;Starter;C. Legrand;;;;;;;;;;;;;;0;0;;;;;;;;;7;0;5;5;4;1;2;0;1;5;1;13;15;7;C. Legrand
25-26;3;Championat de France;Domicile;;Angers;;Starter;J. Bailey;;;;;;;;;;;;;;;;;;;;;;;;23;4;7;11;1;3;1;0;0;3;4;18;27;10;J. Bailey
25-26;3;Championat de France;Domicile;;Angers;;Starter;E. Marie;;;;;0;3;0,00;0;0;;0;3;0,00;;;;;;;;;;;1;0;1;1;9;3;1;0;0;2;1;2;5;21;E. Marie
25-26;3;Championat de France;Domicile;;Angers;;Starter;A. Kone;;;;;;;;;;;0;0;;;;;;;;;;;;13;3;1;4;0;1;0;0;2;2;1;8;11;26;A. Kone
25-26;3;Championat de France;Domicile;;Angers;;Starter;N. Enabosi;;;;;;;;;;;0;0;;14;16;0,88;;;;;;;;24;3;5;8;2;1;2;0;0;1;10;7;30;33;N. Enabosi
25-26;3;Championat de France;Domicile;;Angers;;Banc;Y. Enjolvy;;;;;0;4;0,00;0;2;0,00;0;2;0,00;;;;;;;;;;;1;1;1;2;2;0;1;0;0;2;1;0;1;2;Y. Enjolvy
25-26;3;Championat de France;Domicile;;Angers;;Banc;J. Mavambou;;;;;;;;;;;0;0;;0;0;;;;;;;;;2;0;0;0;1;0;0;0;1;0;0;14;1;8;J. Mavambou
25-26;3;Championat de France;Domicile;;Angers;;Banc;A. Baker;;;;;;;;;;;0;2;0,00;0;0;;;;;;;;;6;1;0;1;7;1;1;0;0;3;1;1;10;15;A. Baker
25-26;3;Championat de France;Domicile;;Angers;Capitaine;Banc;K. Elenga(C);;;;;;;;;;;;;;;;;;;;;;;;12;0;1;1;0;1;0;0;0;3;4;-7;8;18;K. Elenga(C)
25-26;3;Championat de France;Domicile;;Angers;;Banc;E. Zemoura;;;;;0;0;;0;0;;0;0;;0;0;;;;;;;;;0;0;1;1;0;0;0;0;0;1;0;-1;1;22;E. Zemoura
25-26;3;Championat de France;Domicile;;Angers;;Banc;Team / Coach;;;;;;;;;;;;;;;;;;;;;;;;0;0;1;1;0;3;0;0;0;0;0;0;0;0;Team / Coach
25-26;3;Championat de France;Domicile;;Angers;;Banc;TOTAUX EQUIPE;;;;;30;59;0,51;25;42;0,60;;;;24;32;0,75;31;48;12;15;21;13;8;89;12;23;35;26;14;8;0;4;22;23;0;107;0;TOTAUX EQUIPE
25-26;4;Championat de France;Exterieur;;Toulouse;;Starter;J. Bailey;;;;;;;;;;;;;;;;;;;;;;;;19;0;4;4;3;1;3;0;0;3;5;-2;23;10;J. Bailey
25-26;4;Championat de France;Exterieur;;Toulouse;;Starter;A. Baker;;;;;;;;;;;0;0;;;;;;;;;;;;7;0;2;2;5;1;2;0;0;2;2;-5;13;15;A. Baker
25-26;4;Championat de France;Exterieur;;Toulouse;Capitaine;Starter;K. Elenga(C);;;;;;;;;;;0;3;0,00;;;;;;;;;;;5;0;3;3;2;1;0;0;0;1;1;-5;6;18;K. Elenga(C)
25-26;4;Championat de France;Exterieur;;Toulouse;;Starter;E. Marie;;;;;0;0;;0;0;;0;0;;0;0;;;;;;;;;0;0;1;1;4;3;0;0;0;2;1;2;2;21;E. Marie
25-26;4;Championat de France;Exterieur;;Toulouse;;Starter;N. Enabosi;;;;;;;;;;;0;1;0,00;;;;;;;;;;;16;1;7;8;2;2;0;0;1;2;7;0;16;33;N. Enabosi
25-26;4;Championat de France;Exterieur;;Toulouse;;Banc;Y. Enjolvy;;;;;;;;0;0;;;;;0;1;0,00;;;;;;;;12;0;1;1;3;4;3;0;0;2;0;7;10;2;Y. Enjolvy
25-26;4;Championat de France;Exterieur;;Toulouse;;Banc;C. Legrand;;;;;;;;;;;;;;;;;;;;;;;;11;1;1;2;1;3;0;0;0;3;2;17;7;7;C. Legrand
25-26;4;Championat de France;Exterieur;;Toulouse;;Banc;J. Mavambou;;;;;0;1;0,00;0;0;;0;1;0,00;0;0;;;;;;;;;0;0;1;1;1;0;0;0;0;0;1;7;1;8;J. Mavambou
25-26;4;Championat de France;Exterieur;;Toulouse;;Banc;E. Zemoura;;;;;0;0;;0;0;;0;0;;;;;;;;;;;;2;0;0;0;0;0;0;0;0;1;1;-4;2;22;E. Zemoura
25-26;4;Championat de France;Exterieur;;Toulouse;;Banc;A. Kone;;;;;;;;;;;;;;;;;;;;;;;;16;0;2;2;0;3;0;0;1;2;4;8;12;26;A. Kone
25-26;4;Championat de France;Exterieur;;Toulouse;;Banc;Team / Coach;;;;;;;;;;;;;;;;;;;;;;;;0;3;2;5;0;1;0;0;0;0;0;0;0;0;Team / Coach
25-26;4;Championat de France;Exterieur;;Toulouse;;Banc;TOTAUX EQUIPE;;;;;29;55;0,53;19;31;0,61;;;;20;25;0,80;19;30;9;13;41;13;9;88;5;24;29;21;19;8;0;2;18;24;0;96;0;TOTAUX EQUIPE
25-26;5;Championat de France;Domicile;;Lattes Montpellier;;Starter;C. Legrand;;;;;;;;;;;0;2;0,00;;;;;;;;;;;8;1;2;3;3;3;1;2;0;2;2;-3;11;7;C. Legrand
25-26;5;Championat de France;Domicile;;Lattes Montpellier;;Starter;J. Bailey;;;;;;;;;;;;;;;;;;;;;;;;10;2;9;11;2;0;4;0;0;5;4;2;19;10;J. Bailey
25-26;5;Championat de France;Domicile;;Lattes Montpellier;;Starter;E. Marie;;;;;;;;0;1;0,00;;;;;;;;;;;;;;7;0;1;1;6;0;0;0;0;2;1;5;10;21;E. Marie
25-26;5;Championat de France;Domicile;;Lattes Montpellier;;Starter;A. Kone;;;;;;;;;;;0;2;0,00;;;;;;;;;;;10;2;1;3;0;3;0;0;0;2;2;-11;4;26;A. Kone
25-26;5;Championat de France;Domicile;;Lattes Montpellier;;Starter;N. Enabosi;;;;;;;;;;;0;2;0,00;;;;;;;;;;;14;5;8;13;4;2;0;0;1;1;8;15;18;33;N. Enabosi
25-26;5;Championat de France;Domicile;;Lattes Montpellier;;Banc;Y. Enjolvy;;;;;;;;0;1;0,00;;;;;;;;;;;;;;13;2;1;3;0;1;2;0;0;1;1;6;13;2;Y. Enjolvy
25-26;5;Championat de France;Domicile;;Lattes Montpellier;;Banc;J. Mavambou;;;;;;;;;;;0;2;0,00;0;0;;;;;;;;;4;1;2;3;0;0;1;0;0;0;0;-1;4;8;J. Mavambou
25-26;5;Championat de France;Domicile;;Lattes Montpellier;;Banc;A. Baker;;;;;;;;;;;0;2;0,00;0;1;0,00;;;;;;;;4;1;0;1;2;0;0;0;0;0;1;-1;2;15;A. Baker
25-26;5;Championat de France;Domicile;;Lattes Montpellier;Capitaine;Banc;K. Elenga(C);;;;;;;;0;2;0,00;;;;0;1;0,00;;;;;;;;6;0;1;1;1;2;0;0;0;0;1;3;-1;18;K. Elenga(C)
25-26;5;Championat de France;Domicile;;Lattes Montpellier;;Banc;E. Zemoura;;;;;0;1;0,00;0;0;;0;1;0,00;0;0;;;;;;;;;0;0;0;0;1;1;1;0;0;1;0;0;0;22;E. Zemoura
25-26;5;Championat de France;Domicile;;Lattes Montpellier;;Banc;Team / Coach;;;;;;;;;;;;;;;;;;;;;;;;0;0;5;5;0;2;0;0;0;0;0;0;0;0;Team / Coach
25-26;5;Championat de France;Domicile;;Lattes Montpellier;;Banc;TOTAUX EQUIPE;;;;;24;67;0,36;15;34;0,44;;;;19;29;0,66;30;26;15;9;27;7;11;76;14;30;44;19;14;9;2;1;14;20;0;83;0;TOTAUX EQUIPE
25-26;6;Championat de France;Exterieur;;Landerneau;;Starter;C. Legrand;;;;;;;;;;;0;0;;;;;;;;;;;;3;2;1;3;0;0;1;0;1;1;2;-6;4;7;C. Legrand
25-26;6;Championat de France;Exterieur;;Landerneau;;Starter;J. Bailey;;;;;;;;;;;;;;;;;;;;;;;;10;1;3;4;3;5;5;0;1;3;3;-5;5;10;J. Bailey
25-26;6;Championat de France;Exterieur;;Landerneau;;Starter;E. Marie;;;;;;;;;;;0;2;0,00;0;0;;;;;;;;;2;0;1;1;0;0;0;0;0;1;2;-4;-1;21;E. Marie
25-26;6;Championat de France;Exterieur;;Landerneau;;Starter;A. Kone;;;;;;;;;;;0;2;0,00;;;;;;;;;;;17;2;4;6;0;1;0;1;1;3;4;-4;18;26;A. Kone
25-26;6;Championat de France;Exterieur;;Landerneau;;Starter;N. Enabosi;;;;;;;;;;;0;1;0,00;;;;;;;;;;;10;2;3;5;0;1;1;0;1;2;3;-10;11;33;N. Enabosi
25-26;6;Championat de France;Exterieur;;Landerneau;;Banc;Y. Enjolvy;;;;;;;;;;;;;;0;0;;;;;;;;;7;0;2;2;2;4;1;0;0;2;1;1;0;2;Y. Enjolvy
25-26;6;Championat de France;Exterieur;;Landerneau;;Banc;J. Mavambou;;;;;;;;;;;0;0;;0;0;;;;;;;;;4;1;3;4;0;0;1;0;0;1;1;0;9;8;J. Mavambou
25-26;6;Championat de France;Exterieur;;Landerneau;;Banc;A. Baker;;;;;;;;;;;0;1;0,00;0;0;;;;;;;;;4;0;2;2;3;1;1;0;0;2;1;-2;4;15;A. Baker
25-26;6;Championat de France;Exterieur;;Landerneau;Capitaine;Banc;K. Elenga(C);;;;;;;;0;0;;;;;0;0;;;;;;;;;3;0;6;6;0;1;0;0;1;3;0;0;4;18;K. Elenga(C)
25-26;6;Championat de France;Exterieur;;Landerneau;;Banc;E. Zemoura;;;;;0;1;0,00;0;1;0,00;0;0;;0;0;;;;;;;;;0;0;0;0;0;1;0;0;0;3;0;-5;-2;22;E. Zemoura
25-26;6;Championat de France;Exterieur;;Landerneau;;Banc;Team / Coach;;;;;;;;;;;;;;;;;;;;;;;;0;0;3;3;0;0;0;0;0;0;0;0;0;0;Team / Coach
25-26;6;Championat de France;Exterieur;;Landerneau;;Banc;TOTAUX EQUIPE;;;;;24;67;0,36;21;41;0,51;;;;;;;18;36;10;3;18;7;8;60;8;28;36;8;14;10;1;5;21;17;0;55;0;TOTAUX EQUIPE
25-26;7;Championat de France;Domicile;;Basket Landes;;Starter;Y. Enjolvy;;;;;;;;;;;0;3;0,00;;;;;;;;;;;4;0;2;2;2;2;1;0;0;1;2;-1;2;2;Y. Enjolvy
25-26;7;Championat de France;Domicile;;Basket Landes;;Starter;C. Legrand;;;;;;;;;;;;;;;;;;;;;;;;14;0;1;1;1;4;3;2;0;3;3;-11;13;7;C. Legrand
25-26;7;Championat de France;Domicile;;Basket Landes;;Starter;J. Bailey;;;;;;;;;;;0;2;0,00;;;;;;;;;;;8;1;3;4;3;4;1;0;1;3;2;-8;5;10;J. Bailey
25-26;7;Championat de France;Domicile;;Basket Landes;;Starter;A. Kone;;;;;;;;;;;;;;;;;;;;;;;;8;1;3;4;1;2;0;0;0;1;2;-17;9;26;A. Kone
25-26;7;Championat de France;Domicile;;Basket Landes;;Starter;N. Enabosi;;;;;;;;;;;0;1;0,00;;;;;;;;;;;15;2;4;6;1;2;2;0;1;2;6;2;16;33;N. Enabosi
25-26;7;Championat de France;Domicile;;Basket Landes;;Banc;J. Mavambou;;;;;0;0;;0;0;;0;0;;0;0;;;;;;;;;0;0;1;1;1;2;0;0;0;1;0;-4;0;8;J. Mavambou
25-26;7;Championat de France;Domicile;;Basket Landes;;Banc;A. Baker;;;;;0;4;0,00;0;3;0,00;0;1;0,00;;;;;;;;;;;2;0;1;1;1;2;1;0;0;0;2;-13;-1;15;A. Baker
25-26;7;Championat de France;Domicile;;Basket Landes;Capitaine;Banc;K. Elenga(C);;;;;;;;0;0;;;;;0;0;;;;;;;;;3;0;3;3;0;0;1;2;0;1;0;-17;7;18;K. Elenga(C)
25-26;7;Championat de France;Domicile;;Basket Landes;;Banc;E. Marie;;;;;;;;;;;0;2;0,00;0;0;;;;;;;;;4;0;1;1;1;5;1;1;0;1;0;-13;0;21;E. Marie
25-26;7;Championat de France;Domicile;;Basket Landes;;Banc;E. Zemoura;;;;;0;1;0,00;0;1;0,00;0;0;;0;0;;;;;;;;;0;0;0;0;0;1;0;0;0;2;0;-13;-2;22;E. Zemoura
25-26;7;Championat de France;Domicile;;Basket Landes;;Banc;Team / Coach;;;;;;;;;;;;;;;;;;;;;;;;0;3;1;4;0;0;0;0;0;0;0;0;0;0;Team / Coach
25-26;7;Championat de France;Domicile;;Basket Landes;;Banc;TOTAUX EQUIPE;;;;;19;48;0,40;16;34;0,47;;;;17;22;0,77;16;30;2;4;9;6;7;58;7;20;27;11;24;10;5;2;15;17;0;53;0;TOTAUX EQUIPE
25-26;8;Championat de France;Exterieur;;Charleville-Mézičres;;Starter;Y. Enjolvy;;;;;;;;0;1;0,00;;;;0;0;;;;;;;;;12;0;4;4;7;2;0;0;0;2;2;-17;16;2;Y. Enjolvy
25-26;8;Championat de France;Exterieur;;Charleville-Mézičres;;Starter;C. Legrand;;;;;;;;0;5;0,00;;;;;;;;;;;;;;9;0;0;0;7;4;1;0;1;2;3;-4;7;7;C. Legrand
25-26;8;Championat de France;Exterieur;;Charleville-Mézičres;;Starter;J. Mavambou;;;;;0;3;0,00;0;3;0,00;0;0;;;;;;;;;;;;2;0;2;2;1;2;0;0;0;0;3;-16;0;8;J. Mavambou
25-26;8;Championat de France;Exterieur;;Charleville-Mézičres;;Starter;A. Kone;;;;;;;;;;;0;0;;0;0;;;;;;;;;14;1;3;4;3;2;2;1;0;4;1;-9;18;26;A. Kone
25-26;8;Championat de France;Exterieur;;Charleville-Mézičres;;Starter;N. Enabosi;;;;;;;;;;;0;1;0,00;;;;;;;;;;;14;0;4;4;3;1;1;1;2;3;9;-22;15;33;N. Enabosi
25-26;8;Championat de France;Exterieur;;Charleville-Mézičres;;Banc;L. Bagayoko;;;;;0;0;;0;0;;0;0;;0;0;;;;;;;;;0;0;0;0;0;0;0;0;0;0;0;0;0;17;L. Bagayoko
25-26;8;Championat de France;Exterieur;;Charleville-Mézičres;Capitaine;Banc;K. Elenga(C);;;;;;;;0;1;0,00;;;;0;0;;;;;;;;;12;1;6;7;0;4;0;1;0;3;1;-4;11;18;K. Elenga(C)
25-26;8;Championat de France;Exterieur;;Charleville-Mézičres;;Banc;E. Marie;;;;;0;0;;0;0;;0;0;;0;0;;;;;;;;;0;0;0;0;0;0;0;0;0;0;0;0;0;21;E. Marie
25-26;8;Championat de France;Exterieur;;Charleville-Mézičres;;Banc;E. Zemoura;;;;;;;;;;;0;1;0,00;0;0;;;;;;;;;4;0;2;2;2;5;2;0;1;3;0;-8;3;22;E. Zemoura
25-26;8;Championat de France;Exterieur;;Charleville-Mézičres;;Banc;Team / Coach;;;;;;;;;;;;;;;;;;;;;;;;0;6;1;7;0;2;0;0;0;0;0;0;0;0;Team / Coach
25-26;8;Championat de France;Exterieur;;Charleville-Mézičres;;Banc;TOTAUX EQUIPE;;;;;22;53;0,42;13;33;0,39;;;;14;15;0,93;18;22;7;8;16;2;7;67;8;22;30;23;22;6;3;4;17;19;0;75;0;TOTAUX EQUIPE
25-26;9;Championat de France;Domicile;;Villeneuve d'Ascq;;Starter;D. Lawrence;;;;;;;;;;;0;4;0,00;0;0;;;;;;;;;2;0;3;3;2;4;2;0;0;5;1;-18;1;1;D. Lawrence
25-26;9;Championat de France;Domicile;;Villeneuve d'Ascq;;Starter;Y. Enjolvy;;;;;;;;;;;;;;0;0;;;;;;;;;13;1;0;1;5;1;1;0;0;5;1;-14;13;2;Y. Enjolvy
25-26;9;Championat de France;Domicile;;Villeneuve d'Ascq;;Starter;J. Bailey;;;;;;;;;;;0;3;0,00;;;;;;;;;;;5;2;7;9;2;3;2;0;0;4;5;-10;11;10;J. Bailey
25-26;9;Championat de France;Domicile;;Villeneuve d'Ascq;Capitaine;Starter;K. Elenga(C);;;;;;;;;;;;;;0;0;;;;;;;;;11;0;2;2;1;1;0;0;0;1;1;-21;5;18;K. Elenga(C)
25-26;9;Championat de France;Domicile;;Villeneuve d'Ascq;;Starter;A. Kone;;;;;;;;;;;0;3;0,00;;;;;;;;;;;14;2;4;6;1;3;1;0;1;4;3;-8;6;26;A. Kone
25-26;9;Championat de France;Domicile;;Villeneuve d'Ascq;;Banc;C. Legrand;;;;;;;;;;;0;0;;;;;;;;;;;;7;1;3;4;1;2;1;0;0;3;4;-13;8;7;C. Legrand
25-26;9;Championat de France;Domicile;;Villeneuve d'Ascq;;Banc;J. Mavambou;;;;;;;;;;;0;0;;;;;;;;;;;;5;2;1;3;1;2;4;0;0;0;2;-4;9;8;J. Mavambou
25-26;9;Championat de France;Domicile;;Villeneuve d'Ascq;;Banc;L. Bagayoko;;;;;0;0;;0;0;;0;0;;0;0;;;;;;;;;0;0;0;0;0;0;0;0;0;0;0;0;0;17;L. Bagayoko
25-26;9;Championat de France;Domicile;;Villeneuve d'Ascq;;Banc;E. Zemoura;;;;;;;;;;;0;1;0,00;;;;;;;;;;;3;1;3;4;1;2;0;0;0;2;2;-2;3;22;E. Zemoura
25-26;9;Championat de France;Domicile;;Villeneuve d'Ascq;;Banc;N. Enabosi;;;;;0;0;;0;0;;0;0;;0;0;;;;;;;;;0;0;0;0;0;0;0;0;0;0;0;0;0;33;N. Enabosi
25-26;9;Championat de France;Domicile;;Villeneuve d'Ascq;;Banc;Team / Coach;;;;;;;;;;;;;;;;;;;;;;;;0;1;0;1;0;1;0;0;0;0;0;0;0;0;Team / Coach
25-26;9;Championat de France;Domicile;;Villeneuve d'Ascq;;Banc;TOTAUX EQUIPE;;;;;22;59;0,37;16;31;0,52;;;;;;;21;30;12;9;15;4;8;60;10;23;33;14;19;11;0;1;24;19;0;56;0;TOTAUX EQUIPE
25-26;10;Championat de France;Exterieur;;Lyon Asvel Féminin;;Starter;D. Laurence;;;;;;;;;;;;;;0;0;;;;;;;;;9;2;5;7;6;3;0;1;0;1;0;-12;10;1;D. Laurence
25-26;10;Championat de France;Exterieur;;Lyon Asvel Féminin;;Starter;Y. Enjolvy;;;;;;;;;;;0;5;0,00;0;0;;;;;;;;;6;0;0;0;4;1;0;0;0;2;0;-19;4;2;Y. Enjolvy
25-26;10;Championat de France;Exterieur;;Lyon Asvel Féminin;;Starter;J. Bailey;;;;;;;;;;;0;2;0,00;;;;;;;;;;;13;1;4;5;2;4;1;0;1;4;4;-6;14;10;J. Bailey
25-26;10;Championat de France;Exterieur;;Lyon Asvel Féminin;;Starter;A. Kone;;;;;;;;;;;0;2;0,00;0;0;;;;;;;;;10;2;2;4;2;1;1;0;0;3;0;-23;11;26;A. Kone
25-26;10;Championat de France;Exterieur;;Lyon Asvel Féminin;;Starter;N. Enabosi;;;;;;;;;;;0;1;0,00;;;;;;;;;;;13;2;4;6;3;2;4;0;2;4;7;3;17;33;N. Enabosi
25-26;10;Championat de France;Exterieur;;Lyon Asvel Féminin;;Banc;C. Legrand;;;;;;;;;;;0;0;;;;;;;;;;;;8;0;0;0;0;1;2;1;0;2;4;-13;8;7;C. Legrand
25-26;10;Championat de France;Exterieur;;Lyon Asvel Féminin;;Banc;J. Mavambou;;;;;;;;;;;0;0;;0;0;;;;;;;;;2;0;0;0;0;1;0;0;1;1;0;-7;-1;8;J. Mavambou
25-26;10;Championat de France;Exterieur;;Lyon Asvel Féminin;Capitaine;Banc;K. Elenga(C);;;;;;;;0;0;;;;;0;0;;;;;;;;;3;0;2;2;0;1;0;0;0;2;0;-1;0;18;K. Elenga(C)
25-26;10;Championat de France;Exterieur;;Lyon Asvel Féminin;;Banc;E. Marie;;;;;0;0;;0;0;;0;0;;0;0;;;;;;;;;0;0;0;0;4;1;1;0;0;2;1;8;4;21;E. Marie
25-26;10;Championat de France;Exterieur;;Lyon Asvel Féminin;;Banc;E. Zemoura;;;;;0;0;;0;0;;0;0;;0;0;;;;;;;;;0;0;0;0;0;0;0;0;0;0;0;0;0;22;E. Zemoura
25-26;10;Championat de France;Exterieur;;Lyon Asvel Féminin;;Banc;Team / Coach;;;;;;;;;;;;;;;;;;;;;;;;0;2;2;4;0;0;0;0;0;0;0;0;0;0;Team / Coach
25-26;10;Championat de France;Exterieur;;Lyon Asvel Féminin;;Banc;TOTAUX EQUIPE;;;;;27;61;0,44;25;40;0,63;;;;;;;14;44;8;5;13;9;6;64;9;19;28;21;15;9;2;4;21;16;0;71;0;TOTAUX EQUIPE
25-26;11;Championat de France;Domicile;;Roche Vendée;;Starter;D. Lawrence;;;;;;;;;;;;;;;;;;;;;;;;17;1;3;4;1;2;1;1;2;2;4;-3;10;1;D. Lawrence
25-26;11;Championat de France;Domicile;;Roche Vendée;;Starter;J. Bailey;;;;;;;;;;;;;;;;;;;;;;;;13;2;4;6;7;0;4;0;0;4;6;-7;23;10;J. Bailey
25-26;11;Championat de France;Domicile;;Roche Vendée;;Starter;E. Marie;;;;;;;;;;;;;;0;2;0,00;;;;;;;;11;2;1;3;4;3;0;0;0;1;1;-5;8;21;E. Marie
25-26;11;Championat de France;Domicile;;Roche Vendée;;Starter;A. Kone;;;;;;;;;;;0;1;0,00;0;0;;;;;;;;;2;0;2;2;0;3;1;0;0;4;1;-7;-3;26;A. Kone
25-26;11;Championat de France;Domicile;;Roche Vendée;;Starter;N. Enabosi;;;;;;;;;;;0;0;;13;15;0,87;;;;;;;;15;3;7;10;0;1;1;0;1;4;10;-1;15;33;N. Enabosi
25-26;11;Championat de France;Domicile;;Roche Vendée;;Banc;C. Legrand;;;;;;;;;;;0;1;0,00;;;;;;;;;;;3;4;0;4;3;3;2;1;0;3;1;5;5;7;C. Legrand
25-26;11;Championat de France;Domicile;;Roche Vendée;;Banc;J. Mavambou;;;;;0;2;0,00;0;2;0,00;0;0;;;;;;;;;;;;1;2;1;3;0;0;2;0;0;1;2;-2;1;8;J. Mavambou
25-26;11;Championat de France;Domicile;;Roche Vendée;;Banc;J. Francheteau;;;;;0;0;;0;0;;0;0;;0;0;;;;;;;;;0;0;0;0;0;0;0;0;0;0;0;0;0;9;J. Francheteau
25-26;11;Championat de France;Domicile;;Roche Vendée;Capitaine;Banc;K. Elenga(C);;;;;;;;0;0;;;;;;;;;;;;;;;5;0;0;0;1;0;1;0;0;0;2;-2;4;18;K. Elenga(C)
25-26;11;Championat de France;Domicile;;Roche Vendée;;Banc;E. Zemoura;;;;;0;0;;0;0;;0;0;;0;0;;;;;;;;;0;0;0;0;0;1;0;0;0;0;0;-3;-1;22;E. Zemoura
25-26;11;Championat de France;Domicile;;Roche Vendée;;Banc;Team / Coach;;;;;;;;;;;;;;;;;;;;;;;;0;5;3;8;0;2;0;0;0;0;0;0;0;0;Team / Coach
25-26;11;Championat de France;Domicile;;Roche Vendée;;Banc;TOTAUX EQUIPE;;;;;20;62;0,32;14;39;0,36;;;;21;33;0,64;18;16;15;14;9;1;7;67;19;21;40;16;15;12;2;3;19;27;0;68;0;TOTAUX EQUIPE
25-26;12;Championat de France;Exterieur;;Bourges;;Starter;Y. Enjolvy;;;;;;;;;;;;;;;;;;;;;;;;10;1;2;3;4;2;0;0;0;1;1;-25;9;2;Y. Enjolvy
25-26;12;Championat de France;Exterieur;;Bourges;;Starter;C. Legrand;;;;;;;;;;;0;1;0,00;;;;;;;;;;;5;2;1;3;1;2;0;1;1;4;1;-19;4;7;C. Legrand
25-26;12;Championat de France;Exterieur;;Bourges;;Starter;J. Bailey;;;;;;;;;;;;;;0;0;;;;;;;;;5;2;4;6;3;1;1;0;1;4;1;-20;8;10;J. Bailey
25-26;12;Championat de France;Exterieur;;Bourges;Capitaine;Starter;K. Elenga(C);;;;;;;;;;;;;;;;;;;;;;;;11;1;2;3;1;2;1;0;0;0;3;-20;7;18;K. Elenga(C)
25-26;12;Championat de France;Exterieur;;Bourges;;Starter;N. Enabosi;;;;;;;;;;;0;0;;;;;;;;;;;;13;0;6;6;0;2;3;0;1;2;9;-16;11;33;N. Enabosi
25-26;12;Championat de France;Exterieur;;Bourges;;Banc;J. Mavambou;;;;;0;1;0,00;0;1;0,00;0;0;;0;0;;;;;;;;;0;0;1;1;2;2;1;0;0;0;0;-6;1;8;J. Mavambou
25-26;12;Championat de France;Exterieur;;Bourges;;Banc;E. Marie;;;;;0;5;0,00;0;1;0,00;0;4;0,00;0;0;;;;;;;;;0;0;0;0;2;2;1;0;0;0;0;-15;-4;21;E. Marie
25-26;12;Championat de France;Exterieur;;Bourges;;Banc;E. Zemoura;;;;;;;;;;;0;2;0,00;0;2;0,00;;;;;;;;2;2;1;3;0;0;0;0;0;3;2;-9;0;22;E. Zemoura
25-26;12;Championat de France;Exterieur;;Bourges;;Banc;A. Kone;;;;;;;;;;;0;2;0,00;0;0;;;;;;;;;6;0;2;2;3;1;0;0;0;4;0;-20;7;26;A. Kone
25-26;12;Championat de France;Exterieur;;Bourges;;Banc;Team / Coach;;;;;;;;;;;;;;;;;;;;;;;;0;1;3;4;0;3;0;0;0;0;0;0;0;0;Team / Coach
25-26;12;Championat de France;Exterieur;;Bourges;;Banc;TOTAUX EQUIPE;;;;;19;60;0,32;15;35;0,43;;;;;;;14;26;4;7;8;;8;52;9;22;31;16;17;7;1;3;18;17;0;44;0;TOTAUX EQUIPE
25-26;13;Championat de France;Domicile;;Charnay;;Starter;Y. Enjolvy;;;;;;;;;;;;;;0;0;;;;;;;;;14;0;2;2;4;3;5;0;0;5;1;-8;13;2;Y. Enjolvy
25-26;13;Championat de France;Domicile;;Charnay;;Starter;C. Legrand;;;;;;;;;;;;;;0;0;;;;;;;;;9;1;2;3;3;2;1;1;0;4;0;-21;9;7;C. Legrand
25-26;13;Championat de France;Domicile;;Charnay;;Starter;J. Bailey;;;;;;;;;;;;;;;;;;;;;;;;20;3;8;11;5;3;3;1;0;4;9;-2;29;10;J. Bailey
25-26;13;Championat de France;Domicile;;Charnay;Capitaine;Starter;K. Elenga(C);;;;;;;;;;;;;;;;;;;;;;;;12;0;3;3;4;1;1;0;0;2;1;-15;13;18;K. Elenga(C)
25-26;13;Championat de France;Domicile;;Charnay;;Starter;N. Enabosi;;;;;;;;;;;0;0;;;;;;;;;;;;20;3;5;8;1;1;2;0;0;3;9;-15;21;33;N. Enabosi
25-26;13;Championat de France;Domicile;;Charnay;;Banc;J. Mavambou;;;;;;;;;;;0;0;;;;;;;;;;;;4;1;1;2;2;0;0;0;0;1;2;12;7;8;J. Mavambou
25-26;13;Championat de France;Domicile;;Charnay;;Banc;J. Francheteau;;;;;0;0;;0;0;;0;0;;0;0;;;;;;;;;0;0;0;0;0;0;0;0;0;0;0;-2;0;9;J. Francheteau
25-26;13;Championat de France;Domicile;;Charnay;;Banc;E. Marie;;;;;;;;0;1;0,00;;;;0;0;;;;;;;;;6;1;2;3;9;4;0;0;0;5;0;8;10;21;E. Marie
25-26;13;Championat de France;Domicile;;Charnay;;Banc;E. Zemoura;;;;;0;0;;0;0;;0;0;;0;0;;;;;;;;;0;0;0;0;0;0;0;0;0;0;0;0;0;22;E. Zemoura
25-26;13;Championat de France;Domicile;;Charnay;;Banc;A. Kone;;;;;;;;;;;0;2;0,00;;;;;;;;;;;7;0;1;1;3;2;0;0;0;1;4;-2;3;26;A. Kone
25-26;13;Championat de France;Domicile;;Charnay;;Banc;Team / Coach;;;;;;;;;;;;;;;;;;;;;;;;0;1;2;3;0;0;0;0;0;0;0;0;0;0;Team / Coach
25-26;13;Championat de France;Domicile;;Charnay;;Banc;TOTAUX EQUIPE;;;;;29;71;0,41;17;38;0,45;;;;22;29;0,76;19;34;8;19;17;15;14;92;10;26;36;31;16;12;2;0;25;26;0;108;0;TOTAUX EQUIPE
25-26;14;Championat de France;Exterieur;;Angers;;Starter;D. Lawrence;;;;;;;;;;;0;3;0,00;;;;;;;;;;;13;0;0;0;1;2;3;0;1;2;4;8;6;1;D. Lawrence
25-26;14;Championat de France;Exterieur;;Angers;;Starter;Y. Enjolvy;;;;;;;;;;;0;1;0,00;0;0;;;;;;;;;2;1;2;3;0;0;1;0;1;4;0;1;0;2;Y. Enjolvy
25-26;14;Championat de France;Exterieur;;Angers;;Starter;J. Bailey;;;;;;;;;;;;;;;;;;;;;;;;13;2;4;6;3;4;2;0;1;2;2;11;13;10;J. Bailey
25-26;14;Championat de France;Exterieur;;Angers;Capitaine;Starter;K. Elenga(C);;;;;0;4;0,00;0;2;0,00;0;2;0,00;0;0;;;;;;;;;0;0;3;3;2;0;1;2;0;1;0;12;4;18;K. Elenga(C)
25-26;14;Championat de France;Exterieur;;Angers;;Starter;N. Enabosi;;;;;;;;;;;0;0;;0;1;0,00;;;;;;;;20;4;11;15;1;0;4;2;2;1;10;5;35;33;N. Enabosi
25-26;14;Championat de France;Exterieur;;Angers;;Banc;C. Legrand;;;;;;;;;;;0;0;;;;;;;;;;;;5;1;0;1;1;1;0;2;0;3;1;6;6;7;C. Legrand
25-26;14;Championat de France;Exterieur;;Angers;;Banc;J. Mavambou;;;;;0;0;;0;0;;0;0;;0;0;;;;;;;;;0;0;0;0;0;0;0;0;0;0;0;0;0;8;J. Mavambou
25-26;14;Championat de France;Exterieur;;Angers;;Banc;E. Marie;;;;;;;;;;;0;1;0,00;0;0;;;;;;;;;2;0;2;2;7;4;3;0;0;2;1;6;8;21;E. Marie
25-26;14;Championat de France;Exterieur;;Angers;;Banc;E. Zemoura;;;;;0;1;0,00;0;1;0,00;0;0;;0;0;;;;;;;;;0;1;2;3;0;0;0;0;0;1;1;-5;2;22;E. Zemoura
25-26;14;Championat de France;Exterieur;;Angers;;Banc;A. Kone;;;;;;;;;;;;;;;;;;;;;;;;15;0;4;4;0;3;0;0;1;2;2;1;12;26;A. Kone
25-26;14;Championat de France;Exterieur;;Angers;;Banc;Team / Coach;;;;;;;;;;;;;;;;;;;;;;;;0;0;2;2;0;2;0;0;0;0;0;0;0;0;Team / Coach
25-26;14;Championat de France;Exterieur;;Angers;;Banc;TOTAUX EQUIPE;;;;;28;66;0,42;26;55;0,47;;;;;;;28;44;11;14;22;10;12;70;9;30;39;15;16;14;6;6;18;21;0;86;0;TOTAUX EQUIPE
25-26;15;Championat de France;Domicile;;Toulouse;;Starter;D. Lawrence;;;;;;;;0;3;0,00;;;;0;0;;;;;;;;;3;2;1;3;2;3;0;0;1;4;1;-23;1;1;D. Lawrence
25-26;15;Championat de France;Domicile;;Toulouse;;Starter;Y. Enjolvy;;;;;;;;;;;;;;0;1;0,00;;;;;;;;10;0;0;0;2;4;1;1;0;5;1;-28;3;2;Y. Enjolvy
25-26;15;Championat de France;Domicile;;Toulouse;;Starter;J. Bailey;;;;;;;;;;;0;1;0,00;;;;;;;;;;;13;3;7;10;3;7;6;1;2;3;6;-31;20;10;J. Bailey
25-26;15;Championat de France;Domicile;;Toulouse;Capitaine;Starter;K. Elenga(C);;;;;;;;;;;;;;0;0;;;;;;;;;8;1;1;2;0;2;0;0;0;0;1;-26;1;18;K. Elenga(C)
25-26;15;Championat de France;Domicile;;Toulouse;;Starter;N. Enabosi;;;;;;;;;;;0;0;;;;;;;;;;;;18;3;3;6;1;2;1;0;1;0;6;-26;16;33;N. Enabosi
25-26;15;Championat de France;Domicile;;Toulouse;;Banc;C. Legrand;;;;;;;;;;;0;1;0,00;;;;;;;;;;;7;1;1;2;3;1;1;1;0;1;4;-5;7;7;C. Legrand
25-26;15;Championat de France;Domicile;;Toulouse;;Banc;J. Mavambou;;;;;;;;;;;0;0;;0;0;;;;;;;;;2;0;3;3;2;2;2;0;0;1;1;-1;7;8;J. Mavambou
25-26;15;Championat de France;Domicile;;Toulouse;;Banc;E. Marie;;;;;0;4;0,00;0;2;0,00;0;2;0,00;0;0;;;;;;;;;0;0;0;0;1;3;1;0;1;1;0;0;-5;21;E. Marie
25-26;15;Championat de France;Domicile;;Toulouse;;Banc;E. Zemoura;;;;;0;1;0,00;0;1;0,00;0;0;;0;0;;;;;;;;;0;0;1;1;0;2;0;0;0;1;1;3;-2;22;E. Zemoura
25-26;15;Championat de France;Domicile;;Toulouse;;Banc;A. Kone;;;;;;;;;;;0;1;0,00;0;0;;;;;;;;;2;1;2;3;1;0;0;0;0;1;1;-3;3;26;A. Kone
25-26;15;Championat de France;Domicile;;Toulouse;;Banc;Team / Coach;;;;;;;;;;;;;;;;;;;;;;;;0;2;2;4;0;0;0;0;0;0;0;0;0;0;Team / Coach
25-26;15;Championat de France;Domicile;;Toulouse;;Banc;TOTAUX EQUIPE;;;;;21;63;0,33;16;45;0,36;;;;16;20;0,80;18;28;12;10;11;;7;63;13;21;34;15;26;12;3;5;17;22;0;55;0;TOTAUX EQUIPE
25-26;16;Championat de France;Exterieur;;Lattes Montpellier;;Starter;D. Lawrence;;;;;0;5;0,00;0;0;;0;5;0,00;0;0;;;;;;;;;0;1;4;5;1;5;0;0;0;1;0;-1;-4;1;D. Lawrence
25-26;16;Championat de France;Exterieur;;Lattes Montpellier;;Starter;Y. Enjolvy;;;;;;;;;;;;;;0;0;;;;;;;;;5;0;0;0;6;2;1;0;0;1;0;-7;6;2;Y. Enjolvy
25-26;16;Championat de France;Exterieur;;Lattes Montpellier;;Starter;J. Bailey;;;;;;;;;;;0;6;0,00;;;;;;;;;;;15;3;7;10;9;5;4;0;2;2;8;-12;23;10;J. Bailey
25-26;16;Championat de France;Exterieur;;Lattes Montpellier;Capitaine;Starter;K. Elenga(C);;;;;;;;;;;;;;0;0;;;;;;;;;7;0;3;3;0;2;3;0;0;1;0;-12;9;18;K. Elenga(C)
25-26;16;Championat de France;Exterieur;;Lattes Montpellier;;Starter;N. Enabosi;;;;;;;;;;;;;;;;;;;;;;;;8;0;4;4;2;0;0;0;0;3;3;-2;3;33;N. Enabosi
25-26;16;Championat de France;Exterieur;;Lattes Montpellier;;Banc;C. Legrand;;;;;;;;;;;0;1;0,00;;;;;;;;;;;11;1;5;6;1;3;1;0;0;3;2;-1;13;7;C. Legrand
25-26;16;Championat de France;Exterieur;;Lattes Montpellier;;Banc;J. Mavambou;;;;;;;;;;;;;;0;0;;;;;;;;;11;3;2;5;1;2;0;0;0;0;1;0;14;8;J. Mavambou
25-26;16;Championat de France;Exterieur;;Lattes Montpellier;;Banc;E. Marie;;;;;0;2;0,00;0;0;;0;2;0,00;0;0;;;;;;;;;0;2;1;3;2;2;0;0;0;3;2;-5;1;21;E. Marie
25-26;16;Championat de France;Exterieur;;Lattes Montpellier;;Banc;A. Kone;;;;;;;;;;;;;;0;0;;;;;;;;;12;0;1;1;1;1;0;0;1;1;0;0;9;26;A. Kone
25-26;16;Championat de France;Exterieur;;Lattes Montpellier;;Banc;Team / Coach;;;;;;;;;;;;;;;;;;;;;;;;0;3;1;4;0;1;0;0;0;0;0;0;0;0;Team / Coach
25-26;16;Championat de France;Exterieur;;Lattes Montpellier;;Banc;TOTAUX EQUIPE;;;;;25;63;0,40;19;36;0,53;;;;13;17;0,76;9;34;11;10;34;4;8;69;13;28;41;23;23;9;0;3;15;16;0;77;0;TOTAUX EQUIPE
25-26;17;Championat de France;Exterieur;;Bourges;;Starter;D. Lawrence;;;;;;;;;;;;;;;;;;;;;;;;13;1;1;2;1;4;1;0;2;3;4;-19;1;1;D. Lawrence
25-26;17;Championat de France;Exterieur;;Bourges;;Starter;J. Bailey;;;;;;;;;;;;;;;;;;;;;;;;18;3;8;11;8;3;4;0;0;3;4;-15;33;10;J. Bailey
25-26;17;Championat de France;Exterieur;;Bourges;Capitaine;Starter;K. Elenga(C);;;;;;;;;;;;;;0;0;;;;;;;;;7;0;4;4;1;0;0;1;0;5;0;-11;7;18;K. Elenga(C)
25-26;17;Championat de France;Exterieur;;Bourges;;Starter;E. Marie;;;;;0;2;0,00;0;0;;0;2;0,00;0;0;;;;;;;;;0;0;3;3;2;3;0;0;0;3;0;-17;0;21;E. Marie
25-26;17;Championat de France;Exterieur;;Bourges;;Starter;N. Enabosi;;;;;;;;;;;0;2;0,00;;;;;;;;;;;14;2;7;9;0;2;0;0;1;3;6;-17;13;33;N. Enabosi
25-26;17;Championat de France;Exterieur;;Bourges;;Banc;Y. Enjolvy;;;;;0;0;;0;0;;0;0;;0;0;;;;;;;;;0;0;0;0;0;0;0;0;0;0;0;0;0;2;Y. Enjolvy
25-26;17;Championat de France;Exterieur;;Bourges;;Banc;C. Legrand;;;;;0;5;0,00;0;3;0,00;0;2;0,00;;;;;;;;;;;6;2;1;3;4;1;0;0;1;3;6;-2;3;7;C. Legrand
25-26;17;Championat de France;Exterieur;;Bourges;;Banc;J. Mavambou;;;;;0;2;0,00;0;1;0,00;0;1;0,00;0;0;;;;;;;;;0;0;2;2;0;0;1;0;0;1;0;-8;1;8;J. Mavambou
25-26;17;Championat de France;Exterieur;;Bourges;;Banc;D. Drame;;;;;0;0;;0;0;;0;0;;0;0;;;;;;;;;0;0;0;0;0;0;0;0;0;0;0;0;0;11;D. Drame
25-26;17;Championat de France;Exterieur;;Bourges;;Banc;A. Kone;;;;;;;;;;;0;1;0,00;0;0;;;;;;;;;2;1;2;3;1;3;0;0;0;2;0;-1;2;26;A. Kone
25-26;17;Championat de France;Exterieur;;Bourges;;Banc;Team / Coach;;;;;;;;;;;;;;;;;;;;;;;;0;2;0;2;0;0;0;0;0;0;0;0;0;0;Team / Coach
25-26;17;Championat de France;Exterieur;;Bourges;;Banc;TOTAUX EQUIPE;;;;;17;54;0,31;13;32;0,41;;;;22;30;0,73;14;22;5;11;8;3;7;60;11;28;39;17;16;6;1;4;23;20;0;62;0;TOTAUX EQUIPE
25-26;18;Championat de France;Exterieur;;Basket Landes;;Starter;D. Lawrence;;;;;;;;;;;0;2;0,00;0;0;;;;;;;;;2;0;1;1;0;3;1;0;0;4;2;-15;-4;1;D. Lawrence
25-26;18;Championat de France;Exterieur;;Basket Landes;;Starter;Y. Enjolvy;;;;;;;;0;2;0,00;;;;0;0;;;;;;;;;6;0;1;1;3;5;1;0;0;5;0;-13;2;2;Y. Enjolvy
25-26;18;Championat de France;Exterieur;;Basket Landes;;Starter;J. Bailey;;;;;;;;;;;0;3;0,00;;;;;;;;;;;12;2;6;8;4;2;2;0;0;2;5;-15;20;10;J. Bailey
25-26;18;Championat de France;Exterieur;;Basket Landes;Capitaine;Starter;K. Elenga(C);;;;;;;;;;;;;;0;0;;;;;;;;;5;0;3;3;0;2;0;0;0;3;0;-10;4;18;K. Elenga(C)
25-26;18;Championat de France;Exterieur;;Basket Landes;;Starter;N. Enabosi;;;;;;;;;;;0;0;;;;;;;;;;;;17;2;7;9;1;3;0;0;1;2;10;-13;20;33;N. Enabosi
25-26;18;Championat de France;Exterieur;;Basket Landes;;Banc;C. Legrand;;;;;;;;;;;0;0;;0;0;;;;;;;;;6;1;0;1;2;2;2;0;1;1;1;-18;7;7;C. Legrand
25-26;18;Championat de France;Exterieur;;Basket Landes;;Banc;J. Mavambou;;;;;;;;;;;0;1;0,00;;;;;;;;;;;5;0;5;5;1;3;0;0;0;1;1;-12;5;8;J. Mavambou
25-26;18;Championat de France;Exterieur;;Basket Landes;;Banc;E. Marie;;;;;0;1;0,00;0;0;;0;1;0,00;0;0;;;;;;;;;0;1;0;1;2;3;0;0;0;5;0;1;-1;21;E. Marie
25-26;18;Championat de France;Exterieur;;Basket Landes;;Banc;A. Kone;;;;;;;;;;;0;3;0,00;;;;;;;;;;;5;0;3;3;1;1;0;0;1;1;1;-5;3;26;A. Kone
25-26;18;Championat de France;Exterieur;;Basket Landes;;Banc;Team / Coach;;;;;;;;;;;;;;;;;;;;;;;;0;1;2;3;0;3;0;0;0;1;0;0;0;0;Team / Coach
25-26;18;Championat de France;Exterieur;;Basket Landes;;Banc;TOTAUX EQUIPE;;;;;20;48;0,42;17;32;0,53;;;;15;17;0,88;13;34;4;7;16;8;10;58;7;28;35;14;27;6;0;3;25;20;0;56;0;TOTAUX EQUIPE
25-26;19;Championat de France;Domicile;;Charleville-Mézičres;;Starter;D. Lawrence;;;;;;;;;;;;;;0;0;;;;;;;;;10;0;2;2;2;1;1;0;1;1;1;-5;11;1;D. Lawrence
25-26;19;Championat de France;Domicile;;Charleville-Mézičres;;Starter;Y. Enjolvy;;;;;;;;;;;;;;0;0;;;;;;;;;14;1;2;3;3;2;2;0;0;4;2;-3;13;2;Y. Enjolvy
25-26;19;Championat de France;Domicile;;Charleville-Mézičres;;Starter;J. Mavambou;;;;;;;;;;;;;;;;;;;;;;;;11;1;4;5;3;3;0;0;0;5;1;-6;14;8;J. Mavambou
25-26;19;Championat de France;Domicile;;Charleville-Mézičres;;Starter;J. Bailey;;;;;;;;;;;;;;0;1;0,00;;;;;;;;13;0;7;7;6;2;0;1;0;2;7;6;17;10;J. Bailey
25-26;19;Championat de France;Domicile;;Charleville-Mézičres;;Starter;A. Kone;;;;;;;;;;;;;;;;;;;;;;;;13;0;7;7;1;2;1;0;0;1;3;0;11;26;A. Kone
25-26;19;Championat de France;Domicile;;Charleville-Mézičres;;Banc;C. Legrand;;;;;;;;;;;;;;0;0;;;;;;;;;10;1;3;4;4;4;0;0;0;1;0;-4;12;7;C. Legrand
25-26;19;Championat de France;Domicile;;Charleville-Mézičres;;Banc;D. Drame;;;;;0;0;;0;0;;0;0;;0;0;;;;;;;;;0;0;0;0;0;0;0;0;0;0;0;0;0;11;D. Drame
25-26;19;Championat de France;Domicile;;Charleville-Mézičres;;Banc;L. Bagayoko;;;;;0;0;;0;0;;0;0;;0;0;;;;;;;;;0;0;0;0;0;0;0;0;0;0;0;0;0;17;L. Bagayoko
25-26;19;Championat de France;Domicile;;Charleville-Mézičres;Capitaine;Banc;K. Elenga(C);;;;;;;;0;2;0,00;;;;;;;;;;;;;;8;0;2;2;3;1;0;0;0;3;1;0;10;18;K. Elenga(C)
25-26;19;Championat de France;Domicile;;Charleville-Mézičres;;Banc;E. Marie;;;;;;;;0;0;;;;;0;0;;;;;;;;;3;0;0;0;3;1;1;0;0;2;0;-3;6;21;E. Marie
25-26;19;Championat de France;Domicile;;Charleville-Mézičres;;Banc;Team / Coach;;;;;;;;;;;;;;;;;;;;;;;;0;0;2;2;0;3;0;0;0;0;0;0;0;0;Team / Coach
25-26;19;Championat de France;Domicile;;Charleville-Mézičres;;Banc;TOTAUX EQUIPE;;;;;30;62;0,48;14;31;0,45;16;31;0,52;;;;16;26;2;11;21;4;9;82;3;29;32;25;19;5;1;1;19;15;0;93;0;TOTAUX EQUIPE
25-26;20;Championat de France;Exterieur;;Villeneuve d'Ascq;;Starter;Y. Enjolvy;;;;;;;;;;;;;;;;;;;;;;;;17;0;6;6;5;1;0;0;0;3;3;8;13;2;Y. Enjolvy
25-26;20;Championat de France;Exterieur;;Villeneuve d'Ascq;;Starter;C. Legrand;;;;;0;4;0,00;0;3;0,00;0;1;0,00;;;;;;;;;;;3;4;1;5;6;0;3;1;1;4;3;11;11;7;C. Legrand
25-26;20;Championat de France;Exterieur;;Villeneuve d'Ascq;;Starter;J. Mavambou;;;;;;;;;;;0;1;0,00;;;;;;;;;;;11;1;2;3;2;1;0;0;0;1;3;-1;8;8;J. Mavambou
25-26;20;Championat de France;Exterieur;;Villeneuve d'Ascq;;Starter;J. Bailey;;;;;;;;;;;;;;;;;;;;;;;;11;2;6;8;3;2;3;0;0;3;10;7;13;10;J. Bailey
25-26;20;Championat de France;Exterieur;;Villeneuve d'Ascq;;Starter;N. Enabosi;;;;;;;;;;;0;1;0,00;;;;;;;;;;;11;2;4;6;1;1;0;0;0;3;5;1;10;33;N. Enabosi
25-26;20;Championat de France;Exterieur;;Villeneuve d'Ascq;;Banc;D. Lawrence;;;;;0;0;;0;0;;0;0;;0;0;;;;;;;;;0;0;0;0;0;0;0;0;0;0;0;0;0;1;D. Lawrence
25-26;20;Championat de France;Exterieur;;Villeneuve d'Ascq;;Banc;D. Drame;;;;;0;0;;0;0;;0;0;;0;0;;;;;;;;;0;0;0;0;0;1;0;0;0;0;0;-2;-1;17;D. Drame
25-26;20;Championat de France;Exterieur;;Villeneuve d'Ascq;Capitaine;Banc;K. Elenga(C);;;;;;;;0;1;0,00;;;;0;0;;;;;;;;;3;0;2;2;3;2;2;0;0;2;0;9;4;18;K. Elenga(C)
25-26;20;Championat de France;Exterieur;;Villeneuve d'Ascq;;Banc;A. Kone;;;;;;;;;;;;;;;;;;;;;;;;14;2;4;6;2;2;2;1;0;3;4;7;18;26;A. Kone
25-26;20;Championat de France;Exterieur;;Villeneuve d'Ascq;;Banc;Team / Coach;;;;;;;;;;;;;;;;;;;;;;;;0;1;4;5;0;1;0;0;0;0;0;0;0;0;Team / Coach
25-26;20;Championat de France;Exterieur;;Villeneuve d'Ascq;;Banc;TOTAUX EQUIPE;;;;;23;59;0,39;17;36;0,47;;;;18;36;0,50;21;26;9;8;17;18;9;70;12;29;41;22;11;10;2;1;19;28;0;80;0;TOTAUX EQUIPE
25-26;21;Championat de France;Domicile;;Lyon Asvel Féminin;;Starter;Y. Enjolvy;;;;;;;;0;3;0,00;;;;0;0;;;;;;;;;9;0;1;1;3;2;1;0;0;1;0;7;6;2;Y. Enjolvy
25-26;21;Championat de France;Domicile;;Lyon Asvel Féminin;;Starter;J. Mavambou;;;;;;;;;;;0;2;0,00;;;;;;;;;;;7;0;2;2;1;0;1;0;0;1;2;14;7;8;J. Mavambou
25-26;21;Championat de France;Domicile;;Lyon Asvel Féminin;;Starter;J. Bailey;;;;;;;;;;;0;3;0,00;;;;;;;;;;;9;1;3;4;4;1;7;0;0;3;6;11;15;10;J. Bailey
25-26;21;Championat de France;Domicile;;Lyon Asvel Féminin;Capitaine;Starter;K. Elenga(C);;;;;;;;;;;;;;0;0;;;;;;;;;5;1;2;3;2;1;0;2;0;2;1;-5;10;18;K. Elenga(C)
25-26;21;Championat de France;Domicile;;Lyon Asvel Féminin;;Starter;N. Enabosi;;;;;;;;;;;0;0;;;;;;;;;;;;20;3;3;6;3;3;2;0;0;3;9;9;23;33;N. Enabosi
25-26;21;Championat de France;Domicile;;Lyon Asvel Féminin;;Banc;D. Lawrence;;;;;;;;;;;;;;;;;;;;;;;;10;1;3;4;2;2;1;0;1;2;2;9;11;1;D. Lawrence
25-26;21;Championat de France;Domicile;;Lyon Asvel Féminin;;Banc;C. Legrand;;;;;;;;;;;0;1;0,00;;;;;;;;;;;6;1;0;1;1;2;0;0;2;5;3;21;3;7;C. Legrand
25-26;21;Championat de France;Domicile;;Lyon Asvel Féminin;;Banc;D. Drame;;;;;0;0;;0;0;;0;0;;0;0;;;;;;;;;0;0;0;0;0;0;0;0;0;0;0;0;0;11;D. Drame
25-26;21;Championat de France;Domicile;;Lyon Asvel Féminin;;Banc;L. Bagayoko;;;;;0;0;;0;0;;0;0;;0;0;;;;;;;;;0;0;0;0;0;0;0;0;0;0;0;0;0;17;L. Bagayoko
25-26;21;Championat de France;Domicile;;Lyon Asvel Féminin;;Banc;E. Marie;;;;;;;;;;;;;;;;;;;;;;;;6;0;2;2;1;2;0;0;0;1;3;0;2;21;E. Marie
25-26;21;Championat de France;Domicile;;Lyon Asvel Féminin;;Banc;A. Kone;;;;;;;;;;;0;1;0,00;;;;;;;;;;;8;0;1;1;1;1;0;0;0;3;1;4;5;26;A. Kone
25-26;21;Championat de France;Domicile;;Lyon Asvel Féminin;;Banc;Team / Coach;;;;;;;;;;;;;;;;;;;;;;;;0;5;2;7;0;3;0;0;0;0;0;0;0;0;Team / Coach
25-26;21;Championat de France;Domicile;;Lyon Asvel Féminin;;Banc;TOTAUX EQUIPE;;;;;27;62;0,44;20;41;0,49;;;;19;24;0,79;22;32;13;10;30;17;15;80;12;19;31;18;17;12;2;3;21;27;0;86;0;TOTAUX EQUIPE
25-26;22;Championat de France;Exterieur;;Roche Vendée;;Starter;Y. Enjolvy;29;60;1;61;;;;0;3;0,00;;;;;;;;;;;;;;14;0;3;3;6;1;1;0;0;3;1;9;18;2;Y. Enjolvy
25-26;22;Championat de France;Exterieur;;Roche Vendée;;Starter;C. Legrand;;;;;;;;;;;0;0;;0;0;;;;;;;;;6;1;0;1;1;0;1;1;0;3;0;9;8;7;C. Legrand
25-26;22;Championat de France;Exterieur;;Roche Vendée;;Starter;J. Mavambou;;;;;;;;;;;;;;;;;;;;;;;;12;3;4;7;0;2;0;0;0;1;1;-3;13;8;J. Mavambou
25-26;22;Championat de France;Exterieur;;Roche Vendée;;Starter;J. Bailey;;;;;;;;;;;;;;;;;;;;;;;;16;4;2;6;7;2;2;0;0;3;4;13;25;10;J. Bailey
25-26;22;Championat de France;Exterieur;;Roche Vendée;;Starter;N. Enabosi;;;;;;;;;;;;;;;;;;;;;;;;17;1;1;2;3;1;2;0;1;2;7;9;16;33;N. Enabosi
25-26;22;Championat de France;Exterieur;;Roche Vendée;;Banc;D. Lawrence;;;;;0;4;0,00;0;3;0,00;0;1;0,00;0;0;;;;;;;;;0;1;2;3;2;0;1;0;0;1;1;-4;2;1;D. Lawrence
25-26;22;Championat de France;Exterieur;;Roche Vendée;Capitaine;Banc;K. Elenga(C);;;;;;;;;;;0;0;;;;;;;;;;;;4;1;2;3;2;1;1;0;0;2;1;3;7;18;K. Elenga(C)
25-26;22;Championat de France;Exterieur;;Roche Vendée;;Banc;E. Marie;;;;;;;;0;1;0,00;;;;0;0;;;;;;;;;9;1;2;3;2;0;0;0;0;2;1;7;13;21;E. Marie
25-26;22;Championat de France;Exterieur;;Roche Vendée;;Banc;A. Kone;;;;;;;;;;;0;1;0,00;;;;;;;;;;;14;1;2;3;0;1;0;1;0;4;2;2;11;26;A. Kone
25-26;22;Championat de France;Exterieur;;Roche Vendée;;Banc;Team / Coach;;;;;;;;;;;;;;;;;;;;;;;;0;0;1;1;0;1;0;0;0;0;0;0;0;0;Team / Coach
25-26;22;Championat de France;Exterieur;;Roche Vendée;;Banc;TOTAUX EQUIPE;;;;;29;62;0,47;16;43;0,37;13;19;0,68;21;23;0,91;23;26;9;5;27;20;14;92;13;19;32;23;9;8;2;1;21;18;0;113;0;TOTAUX EQUIPE
25-26;1/4 finale Aller;Playoff;Domicile;;Basket Landes;;Starter;Y. Enjolvy;;;;;;;;;;;;;;0;0;;;;;;;;;8;0;1;1;3;5;1;0;0;4;0;-1;4;2;Y. Enjolvy
25-26;1/4 finale Aller;Playoff;Domicile;;Basket Landes;;Starter;C. Legrand;;;;;;;;;;;0;1;0,00;;;;;;;;;;;9;0;4;4;2;2;0;1;1;3;3;-15;9;7;C. Legrand
25-26;1/4 finale Aller;Playoff;Domicile;;Basket Landes;;Starter;J. Mavambou;;;;;0;2;0,00;0;1;0,00;0;1;0,00;0;0;;;;;;;;;0;2;3;5;3;1;0;0;0;4;1;-1;5;8;J. Mavambou
25-26;1/4 finale Aller;Playoff;Domicile;;Basket Landes;;Starter;J. Bailey;;;;;;;;;;;;;;;;;;;;;;;;15;3;2;5;5;1;1;0;0;3;2;-16;20;10;J. Bailey
25-26;1/4 finale Aller;Playoff;Domicile;;Basket Landes;;Starter;N. Enabosi;;;;;;;;;;;0;1;0,00;;;;;;;;;;;14;1;4;5;1;1;2;0;1;1;5;-8;17;33;N. Enabosi
25-26;1/4 finale Aller;Playoff;Domicile;;Basket Landes;;Banc;D. Lawrence;;;;;;;;;;;;;;;;;;;;;;;;13;0;4;4;2;1;1;0;2;2;2;-2;14;1;D. Lawrence
25-26;1/4 finale Aller;Playoff;Domicile;;Basket Landes;;Banc;D. Drame;;;;;0;0;;0;0;;0;0;;0;0;;;;;;;;;0;0;0;0;0;0;0;0;0;0;0;2;0;11;D. Drame
25-26;1/4 finale Aller;Playoff;Domicile;;Basket Landes;;Banc;L. Bagayoko;;;;;0;0;;0;0;;0;0;;0;0;;;;;;;;;0;0;0;0;0;0;0;0;0;0;0;0;0;17;L. Bagayoko
25-26;1/4 finale Aller;Playoff;Domicile;;Basket Landes;Capitaine;Banc;K. Elenga(C);;;;;;;;;;;0;2;0,00;;;;;;;;;;;6;0;2;2;1;2;0;0;0;2;3;-12;1;18;K. Elenga(C)
25-26;1/4 finale Aller;Playoff;Domicile;;Basket Landes;;Banc;E. Marie;;;;;;;;;;;0;1;0,00;;;;;;;;;;;3;0;3;3;1;1;0;0;0;1;1;-12;3;21;E. Marie
25-26;1/4 finale Aller;Playoff;Domicile;;Basket Landes;;Banc;A. Kone;;;;;;;;;;;0;0;;;;;;;;;;;;14;2;4;6;0;1;0;0;2;0;3;-10;11;26;A. Kone
25-26;1/4 finale Aller;Playoff;Domicile;;Basket Landes;;Banc;Team / Coach;;;;;;;;;;;;;;;;;;;;;;;;0;2;1;3;0;3;0;0;0;0;0;0;0;0;Team / Coach
25-26;1/4 finale Aller;Playoff;Domicile;;Basket Landes;;Banc;TOTAUX EQUIPE;;;;;28;67;0,42;23;50;0,46;;;;21;24;0,88;23;42;13;17;36;;8;82;10;28;38;18;18;5;1;6;20;20;0;84;0;TOTAUX EQUIPE
25-26;1/4 finale Retour;Playoff;Exterieur;;Basket Landes;;Starter;Y. Enjolvy;;;;;;;;;;;0;2;0,00;0;0;;;;;;;;;8;0;1;1;2;7;0;1;0;3;0;-23;-1;2;Y. Enjolvy
25-26;1/4 finale Retour;Playoff;Exterieur;;Basket Landes;;Starter;C. Legrand;;;;;;;;;;;0;1;0,00;;;;;;;;;;;5;0;0;0;0;3;1;0;0;0;2;-15;0;7;C. Legrand
25-26;1/4 finale Retour;Playoff;Exterieur;;Basket Landes;;Starter;J. Mavambou;;;;;;;;;;;0;1;0,00;0;0;;;;;;;;;2;0;1;1;0;4;0;0;0;3;0;-35;-2;8;J. Mavambou
25-26;1/4 finale Retour;Playoff;Exterieur;;Basket Landes;;Starter;J. Bailey;;;;;;;;;;;0;4;0,00;;;;;;;;;;;9;3;4;7;3;6;1;0;0;4;3;-28;7;10;J. Bailey
25-26;1/4 finale Retour;Playoff;Exterieur;;Basket Landes;;Starter;N. Enabosi;;;;;;;;;;;0;0;;;;;;;;;;;;8;2;4;6;0;0;0;0;0;3;5;-19;7;33;N. Enabosi
25-26;1/4 finale Retour;Playoff;Exterieur;;Basket Landes;;Banc;D. Lawrence;;;;;;;;;;;0;1;0,00;0;0;;;;;;;;;4;0;3;3;0;0;1;0;0;3;1;-15;2;1;D. Lawrence
25-26;1/4 finale Retour;Playoff;Exterieur;;Basket Landes;;Banc;D. Drame;;;;;;;;;;;0;1;0,00;0;0;;;;;;;;;2;0;0;0;0;0;1;0;0;0;0;1;2;17;D. Drame
25-26;1/4 finale Retour;Playoff;Exterieur;;Basket Landes;Capitaine;Banc;K. Elenga(C);;;;;0;4;0,00;0;2;0,00;0;2;0,00;0;0;;;;;;;;;0;1;4;5;1;0;0;1;0;4;0;-3;3;18;K. Elenga(C)
25-26;1/4 finale Retour;Playoff;Exterieur;;Basket Landes;;Banc;E. Marie;;;;;0;0;;0;0;;0;0;;0;0;;;;;;;;;0;0;2;2;2;2;1;0;0;0;0;-24;3;21;E. Marie
25-26;1/4 finale Retour;Playoff;Exterieur;;Basket Landes;;Banc;A. Kone;;;;;;;;;;;0;3;0,00;;;;;;;;;;;9;0;2;2;1;1;1;0;0;0;1;-24;6;26;A. Kone
25-26;1/4 finale Retour;Playoff;Exterieur;;Basket Landes;;Banc;Team / Coach;;;;;;;;;;;;;;;;;;;;;;;;0;1;4;5;0;0;0;0;0;0;0;0;0;0;Team / Coach
25-26;1/4 finale Retour;Playoff;Exterieur;;Basket Landes;;Banc;TOTAUX EQUIPE;;;;;19;56;0,34;19;41;0,46;0;15;0,00;;;;15;30;9;9;15;2;6;47;7;25;32;9;23;6;2;0;20;12;0;32;0;TOTAUX EQUIPE
