Saison;Num_match;Competition;dom_ext;Gagne_perdu;Adversaire;Capitaine;Starter/bench;Joueur;Minutes;Secondes;Secondes(minutes);Tps_jeu_decimal;Tirs_marques;Tirs_tentes;%Tirs;2pts_marques;2pts_tentes;%2pts;3pts_marques;3pts_tentes;%3pts;LF_marques;LF_tentes;%LF;Pts_apres_balles_perdues;Points_int;Point_2eme_chance;Points_CA;Points_banc;Ecart_max;Serie_max;Pts;RO;RD;RT;PD;BP;INT;CT;CTS;F;FPR;+/-;EVAL;N°;JOUEUR
25-26;1;Championat de France;Exterieur;;Villeneuve d'Ascq;;Starter;H. Limouzin;;;;;;;;;;;0;1;0,00;;;;;;;;;;;10;0;3;3;9;2;2;0;1;3;4;5;13;3;H. Limouzin
25-26;1;Championat de France;Exterieur;;Villeneuve d'Ascq;Capitaine;Starter;I. Slonjsak(C);;;;;;;;0;0;;;;;0;0;;;;;;;;;3;0;0;0;0;0;0;0;0;1;0;-7;3;6;I. Slonjsak(C)
25-26;1;Championat de France;Exterieur;;Villeneuve d'Ascq;;Starter;J. Lindstrom;;;;;;;;;;;;;;;;;;;;;;;;19;0;4;4;1;0;1;0;0;3;1;4;22;21;J. Lindstrom
25-26;1;Championat de France;Exterieur;;Villeneuve d'Ascq;;Starter;T. San Antonio;;;;;;;;;;;;;;;;;;;;;;;;16;0;1;1;2;3;1;0;0;3;3;3;10;23;T. San Antonio
25-26;1;Championat de France;Exterieur;;Villeneuve d'Ascq;;Starter;T. Reimer;;;;;;;;;;;0;0;;;;;;;;;;;;3;1;3;4;0;4;0;0;0;4;1;-13;1;32;T. Reimer
25-26;1;Championat de France;Exterieur;;Villeneuve d'Ascq;;Banc;M. Cisse;;;;;;;;;;;0;1;0,00;0;0;;;;;;;;;6;0;2;2;1;0;2;0;0;0;0;-7;7;20;M. Cisse
25-26;1;Championat de France;Exterieur;;Villeneuve d'Ascq;;Banc;E. Prugnieres;;;;;0;0;;0;0;;0;0;;0;0;;;;;;;;;0;0;0;0;0;0;0;0;0;0;0;0;0;25;E. Prugnieres
25-26;1;Championat de France;Exterieur;;Villeneuve d'Ascq;;Banc;A. Traore;;;;;;;;;;;;;;;;;;;;;;;;13;2;1;3;0;2;1;0;0;2;3;-9;9;27;A. Traore
25-26;1;Championat de France;Exterieur;;Villeneuve d'Ascq;;Banc;F. Toure;;;;;;;;;;;0;0;;;;;;;;;;;;8;0;4;4;3;3;2;0;0;1;3;15;13;28;F. Toure
25-26;1;Championat de France;Exterieur;;Villeneuve d'Ascq;;Banc;M. De Freitas;;;;;;;;;;;;;;0;0;;;;;;;;;7;2;1;3;3;0;1;2;0;2;2;14;14;45;M. De Freitas
25-26;1;Championat de France;Exterieur;;Villeneuve d'Ascq;;Banc;Team / Coach;;;;;;;;;;;;;;;;;;;;;;;;0;2;0;2;0;0;0;0;0;0;0;0;0;0;Team / Coach
25-26;1;Championat de France;Exterieur;;Villeneuve d'Ascq;;Banc;TOTAUX EQUIPE;;;;;29;58;0,50;17;34;0,50;;;;15;20;0,75;16;34;8;6;34;3;12;85;7;19;26;19;14;10;2;1;19;17;0;94;0;TOTAUX EQUIPE
25-26;2;Championat de France;Exterieur;;Lyon Asvel Féminin;Capitaine;Starter;I. Slonjsak(C);;;;;;;;;;;0;4;0,00;;;;;;;;;;;10;1;0;1;2;1;0;0;1;2;2;-7;5;6;I. Slonjsak(C)
25-26;2;Championat de France;Exterieur;;Lyon Asvel Féminin;;Starter;M. Cisse;;;;;;;;;;;0;1;0,00;0;0;;;;;;;;;4;0;2;2;4;0;1;0;1;4;1;-1;5;20;M. Cisse
25-26;2;Championat de France;Exterieur;;Lyon Asvel Féminin;;Starter;J. Lindstrom;;;;;;;;;;;0;0;;;;;;;;;;;;7;1;8;9;2;2;1;0;0;2;4;-5;12;21;J. Lindstrom
25-26;2;Championat de France;Exterieur;;Lyon Asvel Féminin;;Starter;T. San Antonio;;;;;;;;;;;0;1;0,00;;;;;;;;;;;10;1;2;3;5;6;3;0;0;1;3;-2;9;23;T. San Antonio
25-26;2;Championat de France;Exterieur;;Lyon Asvel Féminin;;Starter;B. Murekatete;;;;;;;;;;;0;0;;;;;;;;;;;;6;0;2;2;0;0;0;0;1;2;1;-13;5;55;B. Murekatete
25-26;2;Championat de France;Exterieur;;Lyon Asvel Féminin;;Banc;A. Klewinski;;;;;0;0;;0;0;;0;0;;0;0;;;;;;;;;0;0;0;0;0;0;0;0;0;0;0;2;0;4;A. Klewinski
25-26;2;Championat de France;Exterieur;;Lyon Asvel Féminin;;Banc;E. Prugnieres;;;;;;;;;;;;;;;;;;;;;;;;12;2;0;2;1;1;0;0;0;1;2;6;11;25;E. Prugnieres
25-26;2;Championat de France;Exterieur;;Lyon Asvel Féminin;;Banc;A. Traore;;;;;;;;;;;0;1;0,00;;;;;;;;;;;8;2;3;5;0;0;1;0;0;2;6;6;8;27;A. Traore
25-26;2;Championat de France;Exterieur;;Lyon Asvel Féminin;;Banc;F. Toure;;;;;;;;;;;0;1;0,00;;;;;;;;;;;5;0;2;2;1;1;1;0;0;0;2;5;1;28;F. Toure
25-26;2;Championat de France;Exterieur;;Lyon Asvel Féminin;;Banc;M. De Freitas;;;;;;;;;;;0;1;0,00;0;0;;;;;;;;;4;1;3;4;2;1;2;1;0;2;0;14;10;45;M. De Freitas
25-26;2;Championat de France;Exterieur;;Lyon Asvel Féminin;;Banc;Team / Coach;;;;;;;;;;;;;;;;;;;;;;;;0;2;1;3;0;0;0;0;0;0;0;0;0;0;Team / Coach
25-26;2;Championat de France;Exterieur;;Lyon Asvel Féminin;;Banc;TOTAUX EQUIPE;;;;;24;63;0,38;22;50;0,44;;;;16;22;0,73;16;30;7;8;29;11;9;66;10;23;33;17;12;9;1;3;16;21;0;69;0;TOTAUX EQUIPE
25-26;3;Championat de France;Exterieur;;Lyon Asvel Féminin;Capitaine;Starter;I. Slonjsak(C);;;;;;;;;;;;;;0;0;;;;;;;;;5;0;3;3;2;2;0;0;0;0;0;-13;2;6;I. Slonjsak(C)
25-26;3;Championat de France;Exterieur;;Lyon Asvel Féminin;;Starter;M. Cisse;;;;;;;;;;;0;1;0,00;0;0;;;;;;;;;4;0;2;2;6;2;0;0;0;4;1;1;5;20;M. Cisse
25-26;3;Championat de France;Exterieur;;Lyon Asvel Féminin;;Starter;J. Lindstrom;;;;;;;;0;0;;;;;;;;;;;;;;;11;3;7;10;2;0;0;0;0;1;4;-6;20;21;J. Lindstrom
25-26;3;Championat de France;Exterieur;;Lyon Asvel Féminin;;Starter;T. San Antonio;;;;;;;;;;;;;;;;;;;;;;;;30;0;2;2;4;7;4;1;1;4;9;-1;24;23;T. San Antonio
25-26;3;Championat de France;Exterieur;;Lyon Asvel Féminin;;Starter;B. Murekatete;;;;;;;;;;;0;0;;0;0;;;;;;;;;6;1;1;2;0;1;1;0;0;3;3;2;7;55;B. Murekatete
25-26;3;Championat de France;Exterieur;;Lyon Asvel Féminin;;Banc;E. Prugnieres;;;;;;;;0;1;0,00;;;;0;0;;;;;;;;;3;0;2;2;0;0;0;0;0;1;1;0;2;25;E. Prugnieres
25-26;3;Championat de France;Exterieur;;Lyon Asvel Féminin;;Banc;A. Traore;;;;;;;;;;;0;2;0,00;0;0;;;;;;;;;2;1;1;2;2;0;1;0;0;1;0;1;5;27;A. Traore
25-26;3;Championat de France;Exterieur;;Lyon Asvel Féminin;;Banc;F. Toure;;;;;;;;;;;0;0;;;;;;;;;;;;5;2;0;2;1;2;0;0;0;2;1;0;4;28;F. Toure
25-26;3;Championat de France;Exterieur;;Lyon Asvel Féminin;;Banc;M. De Freitas;;;;;;;;;;;0;0;;0;0;;;;;;;;;6;0;3;3;0;1;1;0;0;5;1;-4;8;45;M. De Freitas
25-26;3;Championat de France;Exterieur;;Lyon Asvel Féminin;;Banc;Team / Coach;;;;;;;;;;;;;;;;;;;;;;;;0;1;2;3;0;1;0;0;0;0;0;0;0;0;Team / Coach
25-26;3;Championat de France;Exterieur;;Lyon Asvel Féminin;;Banc;TOTAUX EQUIPE;;;;;28;58;0,48;21;34;0,62;;;;;;;12;34;8;14;16;3;8;72;8;23;31;17;16;7;1;1;21;20;0;79;0;TOTAUX EQUIPE
25-26;4;Championat de France;Domicile;;Chartres;Capitaine;Starter;I. Slonjsak(C);;;;;;;;;;;;;;;;;;;;;;;;14;0;1;1;2;0;2;0;0;4;2;4;13;6;I. Slonjsak(C)
25-26;4;Championat de France;Domicile;;Chartres;;Starter;M. Cisse;;;;;;;;;;;0;1;0,00;;;;;;;;;;;9;4;1;5;9;4;3;0;0;1;3;-2;11;20;M. Cisse
25-26;4;Championat de France;Domicile;;Chartres;;Starter;J. Lindstrom;;;;;;;;;;;;;;;;;;;;;;;;11;4;7;11;4;2;1;1;0;4;3;-5;23;21;J. Lindstrom
25-26;4;Championat de France;Domicile;;Chartres;;Starter;T. San Antonio;;;;;;;;;;;0;1;0,00;;;;;;;;;;;29;0;3;3;4;2;4;0;0;4;7;3;29;23;T. San Antonio
25-26;4;Championat de France;Domicile;;Chartres;;Starter;A. Traore;;;;;;;;;;;0;1;0,00;0;0;;;;;;;;;2;0;1;1;1;4;0;0;0;5;0;-6;-2;27;A. Traore
25-26;4;Championat de France;Domicile;;Chartres;;Banc;A. Klewinski;;;;;0;0;;0;0;;0;0;;0;0;;;;;;;;;0;0;0;0;0;0;0;0;0;0;0;0;0;4;A. Klewinski
25-26;4;Championat de France;Domicile;;Chartres;;Banc;E. Prugnieres;;;;;;;;0;1;0,00;;;;;;;;;;;;;;8;2;2;4;1;2;1;0;0;3;3;2;6;25;E. Prugnieres
25-26;4;Championat de France;Domicile;;Chartres;;Banc;F. Toure;;;;;;;;;;;0;0;;0;0;;;;;;;;;2;0;2;2;1;3;0;0;0;0;0;-11;1;28;F. Toure
25-26;4;Championat de France;Domicile;;Chartres;;Banc;M. De Freitas;;;;;;;;;;;0;0;;0;0;;;;;;;;;8;0;1;1;0;0;0;1;0;4;0;-10;7;45;M. De Freitas
25-26;4;Championat de France;Domicile;;Chartres;;Banc;B. Murekatete;;;;;0;0;;0;0;;0;0;;0;0;;;;;;;;;0;0;0;0;0;0;0;0;0;0;0;0;0;55;B. Murekatete
25-26;4;Championat de France;Domicile;;Chartres;;Banc;Team / Coach;;;;;;;;;;;;;;;;;;;;;;;;0;2;2;4;0;0;0;0;0;0;0;0;0;0;Team / Coach
25-26;4;Championat de France;Domicile;;Chartres;;Banc;TOTAUX EQUIPE;;;;;31;67;0,46;26;50;0,52;;;;16;21;0,76;28;42;12;16;18;7;12;83;12;20;32;22;17;11;2;0;25;18;0;92;0;TOTAUX EQUIPE
25-26;5;Championat de France;Exterieur;;Basket Landes;Capitaine;Starter;I. Slonjsak(C);;;;;;;;;;;0;1;0,00;0;0;;;;;;;;;4;0;2;2;1;1;0;0;0;4;1;-18;5;6;I. Slonjsak(C)
25-26;5;Championat de France;Exterieur;;Basket Landes;;Starter;M. Cisse;;;;;;;;;;;;;;0;0;;;;;;;;;13;0;4;4;4;1;4;0;0;1;0;-16;13;20;M. Cisse
25-26;5;Championat de France;Exterieur;;Basket Landes;;Starter;J. Lindstrom;;;;;;;;;;;0;4;0,00;0;0;;;;;;;;;4;1;1;2;1;2;0;1;0;3;2;-4;2;21;J. Lindstrom
25-26;5;Championat de France;Exterieur;;Basket Landes;;Starter;T. San Antonio;;;;;;;;;;;0;3;0,00;;;;;;;;;;;18;0;3;3;3;4;1;0;1;4;7;-15;10;23;T. San Antonio
25-26;5;Championat de France;Exterieur;;Basket Landes;;Starter;M. De Freitas;;;;;0;4;0,00;0;4;0,00;0;0;;0;0;;;;;;;;;0;0;4;4;0;1;0;0;0;3;1;-21;-1;45;M. De Freitas
25-26;5;Championat de France;Exterieur;;Basket Landes;;Banc;A. Klewinski;;;;;0;0;;0;0;;0;0;;0;0;;;;;;;;;0;0;0;0;0;2;0;0;0;0;0;-2;-2;4;A. Klewinski
25-26;5;Championat de France;Exterieur;;Basket Landes;;Banc;E. Prugnieres;;;;;;;;;;;;;;0;0;;;;;;;;;8;0;5;5;1;2;1;0;0;1;0;-10;11;25;E. Prugnieres
25-26;5;Championat de France;Exterieur;;Basket Landes;;Banc;A. Traore;;;;;;;;0;3;0,00;;;;0;0;;;;;;;;;6;1;4;5;2;1;0;0;0;1;1;-9;8;27;A. Traore
25-26;5;Championat de France;Exterieur;;Basket Landes;;Banc;F. Toure;;;;;;;;;;;0;1;0,00;0;0;;;;;;;;;4;0;0;0;0;2;0;0;0;1;0;-5;-1;28;F. Toure
25-26;5;Championat de France;Exterieur;;Basket Landes;;Banc;Team / Coach;;;;;;;;;;;;;;;;;;;;;;;;0;5;5;10;0;1;0;0;0;0;0;0;0;0;Team / Coach
25-26;5;Championat de France;Exterieur;;Basket Landes;;Banc;TOTAUX EQUIPE;;;;;21;59;0,36;16;40;0,40;;;;;;;11;22;4;6;18;4;8;57;7;28;35;12;17;6;1;1;18;12;0;54;0;TOTAUX EQUIPE
25-26;6;Championat de France;Domicile;;Charleville-Mézičres;Capitaine;Starter;I. Slonjsak(C);;;;;;;;;;;;;;0;0;;;;;;;;;16;1;4;5;2;0;2;0;0;3;0;-24;17;6;I. Slonjsak(C)
25-26;6;Championat de France;Domicile;;Charleville-Mézičres;;Starter;M. Cisse;;;;;;;;;;;0;2;0,00;0;0;;;;;;;;;2;3;1;4;3;2;1;0;1;0;1;-16;-3;20;M. Cisse
25-26;6;Championat de France;Domicile;;Charleville-Mézičres;;Starter;J. Lindstrom;;;;;;;;;;;;;;0;0;;;;;;;;;10;3;3;6;2;3;3;0;1;1;1;-19;13;21;J. Lindstrom
25-26;6;Championat de France;Domicile;;Charleville-Mézičres;;Starter;T. San Antonio;;;;;;;;;;;0;3;0,00;;;;;;;;;;;4;1;4;5;5;1;0;0;0;5;3;-12;6;23;T. San Antonio
25-26;6;Championat de France;Domicile;;Charleville-Mézičres;;Starter;M. De Freitas;;;;;;;;;;;0;2;0,00;;;;;;;;;;;5;2;1;3;0;0;0;0;0;3;1;-14;2;45;M. De Freitas
25-26;6;Championat de France;Domicile;;Charleville-Mézičres;;Banc;A. Klewinski;;;;;0;1;0,00;0;0;;0;1;0,00;0;0;;;;;;;;;0;0;0;0;1;0;0;0;0;0;0;-6;0;4;A. Klewinski
25-26;6;Championat de France;Domicile;;Charleville-Mézičres;;Banc;A. Dia;;;;;0;0;;0;0;;0;0;;0;0;;;;;;;;;0;0;0;0;0;0;0;0;0;0;0;0;0;5;A. Dia
25-26;6;Championat de France;Domicile;;Charleville-Mézičres;;Banc;E. Prugnieres;;;;;;;;0;1;0,00;;;;0;0;;;;;;;;;9;1;1;2;0;1;0;0;0;1;1;-17;4;25;E. Prugnieres
25-26;6;Championat de France;Domicile;;Charleville-Mézičres;;Banc;A. Traore;;;;;;;;0;3;0,00;;;;0;0;;;;;;;;;3;0;1;1;0;2;1;0;0;1;0;-12;-2;27;A. Traore
25-26;6;Championat de France;Domicile;;Charleville-Mézičres;;Banc;A. Dudognon;;;;;0;0;;0;0;;0;0;;0;0;;;;;;;;;0;0;0;0;0;0;0;0;0;0;0;0;0;31;A. Dudognon
25-26;6;Championat de France;Domicile;;Charleville-Mézičres;;Banc;Team / Coach;;;;;;;;;;;;;;;;;;;;;;;;0;2;3;5;0;1;0;0;0;0;0;0;0;0;Team / Coach
25-26;6;Championat de France;Domicile;;Charleville-Mézičres;;Banc;TOTAUX EQUIPE;;;;;18;66;0,27;;;;;;;;;;6;10;5;2;12;4;8;49;13;18;31;13;10;7;0;2;14;7;0;41;0;TOTAUX EQUIPE
25-26;7;Championat de France;Exterieur;;Angers;Capitaine;Starter;I. Slonjsak(C);;;;;;;;;;;;;;0;1;0,00;;;;;;;;5;1;1;2;1;2;1;0;0;1;3;-19;0;6;I. Slonjsak(C)
25-26;7;Championat de France;Exterieur;;Angers;;Starter;M. Cisse;;;;;0;10;0,00;0;9;0,00;0;1;0,00;0;0;;;;;;;;;0;1;5;6;7;2;0;0;0;0;0;-20;1;20;M. Cisse
25-26;7;Championat de France;Exterieur;;Angers;;Starter;J. Lindstrom;;;;;;;;;;;0;3;0,00;;;;;;;;;;;10;4;10;14;2;2;1;1;0;1;4;-15;18;21;J. Lindstrom
25-26;7;Championat de France;Exterieur;;Angers;;Starter;T. San Antonio;;;;;;;;;;;0;5;0,00;;;;;;;;;;;13;2;3;5;1;4;1;0;1;4;5;-16;3;23;T. San Antonio
25-26;7;Championat de France;Exterieur;;Angers;;Starter;M. De Freitas;;;;;;;;;;;0;2;0,00;;;;;;;;;;;10;3;1;4;0;1;0;0;1;2;1;-16;10;45;M. De Freitas
25-26;7;Championat de France;Exterieur;;Angers;;Banc;A. Klewinski;;;;;0;0;;0;0;;0;0;;0;0;;;;;;;;;0;0;0;0;0;0;0;0;0;0;0;0;0;4;A. Klewinski
25-26;7;Championat de France;Exterieur;;Angers;;Banc;E. Prugnieres;;;;;;;;;;;;;;;;;;;;;;;;15;2;2;4;1;3;0;0;0;1;2;-2;15;25;E. Prugnieres
25-26;7;Championat de France;Exterieur;;Angers;;Banc;A. Traore;;;;;0;5;0,00;0;3;0,00;0;2;0,00;0;0;;;;;;;;;0;1;1;2;1;0;1;1;0;4;0;-2;0;27;A. Traore
25-26;7;Championat de France;Exterieur;;Angers;;Banc;F. Toure;;;;;;;;;;;;;;0;0;;;;;;;;;7;0;3;3;1;1;0;0;0;1;1;0;7;28;F. Toure
25-26;7;Championat de France;Exterieur;;Angers;;Banc;Team / Coach;;;;;;;;;;;;;;;;;;;;;;;;0;4;2;6;0;2;0;0;0;1;0;0;0;0;Team / Coach
25-26;7;Championat de France;Exterieur;;Angers;;Banc;TOTAUX EQUIPE;;;;;24;69;0,35;19;49;0,39;;;;;;;6;34;13;7;22;2;7;60;18;28;46;14;17;4;2;2;15;16;0;58;0;TOTAUX EQUIPE
25-26;8;Championat de France;Domicile;;Charnay;Capitaine;Starter;I. Slonjsak(C);;;;;;;;;;;;;;0;0;;;;;;;;;7;1;3;4;1;1;4;0;0;2;0;-29;2;6;I. Slonjsak(C)
25-26;8;Championat de France;Domicile;;Charnay;;Starter;M. Cisse;;;;;;;;;;;;;;;;;;;;;;;;7;2;2;4;7;8;4;0;0;2;3;-18;5;20;M. Cisse
25-26;8;Championat de France;Domicile;;Charnay;;Starter;T. San Antonio;;;;;;;;;;;;;;0;0;;;;;;;;;5;0;3;3;2;6;0;0;0;4;1;-20;-2;23;T. San Antonio
25-26;8;Championat de France;Domicile;;Charnay;;Starter;E. Prugnieres;;;;;;;;;;;;;;;;;;;;;;;;6;1;2;3;2;3;1;0;0;4;3;-15;4;25;E. Prugnieres
25-26;8;Championat de France;Domicile;;Charnay;;Starter;T. Reimer;;;;;;;;;;;0;0;;;;;;;;;;;;14;1;3;4;0;2;3;0;0;0;5;-20;14;32;T. Reimer
25-26;8;Championat de France;Domicile;;Charnay;;Banc;A. Klewinski;;;;;0;0;;0;0;;0;0;;0;0;;;;;;;;;0;0;0;0;0;1;0;0;0;1;0;-4;-1;4;A. Klewinski
25-26;8;Championat de France;Domicile;;Charnay;;Banc;L. Tardy;;;;;0;0;;0;0;;0;0;;0;0;;;;;;;;;0;0;0;0;0;0;0;0;0;0;0;0;0;5;L. Tardy
25-26;8;Championat de France;Domicile;;Charnay;;Banc;F. Toure;;;;;;;;;;;;;;;;;;;;;;;;13;0;0;0;3;2;2;0;0;3;5;-28;12;28;F. Toure
25-26;8;Championat de France;Domicile;;Charnay;;Banc;A. Dia;;;;;0;0;;0;0;;0;0;;0;0;;;;;;;;;0;0;0;0;0;0;0;0;0;0;0;0;0;31;A. Dia
25-26;8;Championat de France;Domicile;;Charnay;;Banc;M. De Freitas;;;;;;;;;;;;;;0;0;;;;;;;;;5;1;3;4;1;1;0;0;0;3;1;-31;6;45;M. De Freitas
25-26;8;Championat de France;Domicile;;Charnay;;Banc;Team / Coach;;;;;;;;;;;;;;;;;;;;;;;;0;5;3;8;0;0;0;0;0;0;0;0;0;0;Team / Coach
25-26;8;Championat de France;Domicile;;Charnay;;Banc;TOTAUX EQUIPE;;;;;20;60;0,33;14;39;0,36;;;;;;;12;18;10;10;18;3;6;57;11;19;30;16;24;14;0;0;19;18;0;48;0;TOTAUX EQUIPE
25-26;9;Championat de France;Exterieur;;Bourges;Capitaine;Starter;I. Slonjsak(C);;;;;;;;;;;;;;0;0;;;;;;;;;5;1;3;4;0;1;2;0;0;4;0;-6;9;6;I. Slonjsak(C)
25-26;9;Championat de France;Exterieur;;Bourges;;Starter;M. Cisse;;;;;;;;;;;;;;;;;;;;;;;;16;1;4;5;8;5;2;0;0;1;5;-17;20;20;M. Cisse
25-26;9;Championat de France;Exterieur;;Bourges;;Starter;T. San Antonio;;;;;;;;;;;0;2;0,00;;;;;;;;;;;9;0;4;4;4;4;1;1;0;3;6;-19;6;23;T. San Antonio
25-26;9;Championat de France;Exterieur;;Bourges;;Starter;E. Prugnieres;;;;;;;;0;1;0,00;;;;0;0;;;;;;;;;6;1;4;5;3;1;1;0;0;1;1;-14;7;25;E. Prugnieres
25-26;9;Championat de France;Exterieur;;Bourges;;Starter;T. Reimer;;;;;;;;;;;0;0;;;;;;;;;;;;14;2;7;9;0;4;0;0;0;2;5;-8;10;32;T. Reimer
25-26;9;Championat de France;Exterieur;;Bourges;;Banc;A. Klewinski;;;;;0;0;;0;0;;0;0;;0;0;;;;;;;;;0;1;0;1;1;0;0;0;0;0;0;2;2;4;A. Klewinski
25-26;9;Championat de France;Exterieur;;Bourges;;Banc;F. Toure;;;;;;;;;;;0;0;;;;;;;;;;;;7;0;3;3;2;0;0;0;0;3;1;-29;10;28;F. Toure
25-26;9;Championat de France;Exterieur;;Bourges;;Banc;M. De Freitas;;;;;;;;;;;0;0;;0;0;;;;;;;;;6;0;1;1;0;0;0;0;0;4;0;-24;5;45;M. De Freitas
25-26;9;Championat de France;Exterieur;;Bourges;;Banc;A. Dudognon;;;;;0;0;;0;0;;0;0;;0;0;;;;;;;;;0;0;0;0;0;0;0;0;0;0;0;0;0;55;A. Dudognon
25-26;9;Championat de France;Exterieur;;Bourges;;Banc;Team / Coach;;;;;;;;;;;;;;;;;;;;;;;;0;2;0;2;0;2;0;0;0;0;0;0;0;0;Team / Coach
25-26;9;Championat de France;Exterieur;;Bourges;;Banc;TOTAUX EQUIPE;;;;;22;54;0,41;17;38;0,45;;;;14;18;0,78;11;20;8;18;13;2;11;63;8;26;34;18;17;6;1;0;18;18;0;69;0;TOTAUX EQUIPE
25-26;10;Championat de France;Domicile;;Landerneau;Capitaine;Starter;I. Slonjsak(C);;;;;;;;;;;;;;0;0;;;;;;;;;7;1;7;8;1;1;0;0;1;4;2;-14;10;6;I. Slonjsak(C)
25-26;10;Championat de France;Domicile;;Landerneau;;Starter;M. Cisse;;;;;;;;;;;;;;;;;;;;;;;;9;0;1;1;4;3;1;0;0;2;1;-10;3;20;M. Cisse
25-26;10;Championat de France;Domicile;;Landerneau;;Starter;T. San Antonio;;;;;;;;;;;;;;;;;;;;;;;;21;1;3;4;2;2;1;0;1;4;6;-11;17;23;T. San Antonio
25-26;10;Championat de France;Domicile;;Landerneau;;Starter;E. Prugnieres;;;;;0;6;0,00;0;1;0,00;0;5;0,00;0;0;;;;;;;;;0;0;4;4;1;2;1;0;1;2;2;-16;-2;25;E. Prugnieres
25-26;10;Championat de France;Domicile;;Landerneau;;Starter;T. Reimer;;;;;;;;;;;0;0;;;;;;;;;;;;11;3;4;7;2;2;0;0;0;4;2;-12;12;32;T. Reimer
25-26;10;Championat de France;Domicile;;Landerneau;;Banc;A. Klewinski;;;;;0;0;;0;0;;0;0;;0;0;;;;;;;;;0;0;0;0;0;0;0;0;0;0;0;1;0;4;A. Klewinski
25-26;10;Championat de France;Domicile;;Landerneau;;Banc;L. Tardy;;;;;0;0;;0;0;;0;0;;0;0;;;;;;;;;0;0;0;0;0;0;0;0;0;0;0;0;0;5;L. Tardy
25-26;10;Championat de France;Domicile;;Landerneau;;Banc;F. Toure;;;;;;;;;;;;;;0;0;;;;;;;;;10;1;2;3;1;3;1;0;1;1;1;-8;6;28;F. Toure
25-26;10;Championat de France;Domicile;;Landerneau;;Banc;A. Dia;;;;;0;0;;0;0;;0;0;;0;0;;;;;;;;;0;0;0;0;0;0;0;0;0;0;0;0;0;31;A. Dia
25-26;10;Championat de France;Domicile;;Landerneau;;Banc;M. De Freitas;;;;;;;;;;;;;;;;;;;;;;;;6;1;2;3;1;1;0;0;0;5;1;0;7;45;M. De Freitas
25-26;10;Championat de France;Domicile;;Landerneau;;Banc;Team / Coach;;;;;;;;;;;;;;;;;;;;;;;;0;2;4;6;0;0;0;0;0;0;0;0;0;0;Team / Coach
25-26;10;Championat de France;Domicile;;Landerneau;;Banc;TOTAUX EQUIPE;;;;;22;64;0,34;14;39;0,36;;;;;;;17;22;7;6;16;7;8;64;9;27;36;12;14;4;0;4;22;15;0;59;0;TOTAUX EQUIPE
25-26;11;Championat de France;Exterieur;;Lattes Montpellier;;Starter;M. Cisse;;;;;;;;;;;;;;;;;;;;;;;;13;3;5;8;7;6;1;0;0;2;2;-13;10;20;M. Cisse
25-26;11;Championat de France;Exterieur;;Lattes Montpellier;;Starter;T. San Antonio;;;;;;;;;;;;;;0;0;;;;;;;;;13;2;5;7;6;2;4;0;0;4;0;-4;21;23;T. San Antonio
25-26;11;Championat de France;Exterieur;;Lattes Montpellier;;Starter;F. Toure;;;;;;;;;;;;;;;;;;;;;;;;13;1;1;2;2;0;2;0;1;2;1;-9;11;28;F. Toure
25-26;11;Championat de France;Exterieur;;Lattes Montpellier;;Starter;T. Reimer;;;;;;;;;;;0;0;;;;;;;;;;;;9;1;2;3;1;1;1;0;2;3;6;-13;7;32;T. Reimer
25-26;11;Championat de France;Exterieur;;Lattes Montpellier;;Starter;M. De Freitas;;;;;;;;;;;;;;0;0;;;;;;;;;7;0;2;2;1;2;0;0;0;1;0;-19;3;45;M. De Freitas
25-26;11;Championat de France;Exterieur;;Lattes Montpellier;;Banc;L. Tardy;;;;;;;;;;;0;1;0,00;0;0;;;;;;;;;2;0;1;1;0;0;0;0;0;0;0;-5;2;4;L. Tardy
25-26;11;Championat de France;Exterieur;;Lattes Montpellier;Capitaine;Banc;I. Slonjsak(C);;;;;0;0;;0;0;;0;0;;0;0;;;;;;;;;0;0;0;0;0;0;0;0;0;0;0;0;0;6;I. Slonjsak(C)
25-26;11;Championat de France;Exterieur;;Lattes Montpellier;;Banc;E. Prugnieres;;;;;;;;0;4;0,00;;;;;;;;;;;;;;9;2;7;9;0;1;1;0;0;1;4;18;8;25;E. Prugnieres
25-26;11;Championat de France;Exterieur;;Lattes Montpellier;;Banc;A. Dudognon;;;;;0;0;;0;0;;0;0;;0;0;;;;;;;;;0;0;0;0;0;0;0;0;0;0;0;0;0;55;A. Dudognon
25-26;11;Championat de France;Exterieur;;Lattes Montpellier;;Banc;Team / Coach;;;;;;;;;;;;;;;;;;;;;;;;0;3;3;6;0;0;0;0;0;0;0;0;0;0;Team / Coach
25-26;11;Championat de France;Exterieur;;Lattes Montpellier;;Banc;TOTAUX EQUIPE;;;;;22;70;0,31;14;41;0,34;;;;14;16;0,88;13;24;11;13;11;6;9;66;12;26;38;17;12;9;0;3;13;13;0;68;0;TOTAUX EQUIPE
25-26;12;Championat de France;Domicile;;Villeneuve d'Ascq;;Starter;H. Limouzin;;;;;;;;;;;0;1;0,00;;;;;;;;;;;12;0;6;6;8;5;2;0;0;3;6;8;13;5;H. Limouzin
25-26;12;Championat de France;Domicile;;Villeneuve d'Ascq;Capitaine;Starter;I. Slonjsak(C);;;;;;;;;;;0;2;0,00;0;0;;;;;;;;;4;0;2;2;1;1;3;0;0;2;0;-2;7;6;I. Slonjsak(C)
25-26;12;Championat de France;Domicile;;Villeneuve d'Ascq;;Starter;T. San Antonio;;;;;;;;;;;;;;;;;;;;;;;;18;1;2;3;0;3;1;0;1;5;5;-2;13;23;T. San Antonio
25-26;12;Championat de France;Domicile;;Villeneuve d'Ascq;;Starter;E. Prugnieres;;;;;0;2;0,00;0;0;;0;2;0,00;0;0;;;;;;;;;0;0;0;0;3;2;0;0;0;2;1;1;-1;25;E. Prugnieres
25-26;12;Championat de France;Domicile;;Villeneuve d'Ascq;;Starter;T. Reimer;;;;;;;;;;;0;0;;;;;;;;;;;;10;2;12;14;3;2;4;2;0;2;5;3;22;32;T. Reimer
25-26;12;Championat de France;Domicile;;Villeneuve d'Ascq;;Banc;A. Klewinski;;;;;0;0;;0;0;;0;0;;0;0;;;;;;;;;0;0;0;0;0;0;0;0;0;0;0;0;0;4;A. Klewinski
25-26;12;Championat de France;Domicile;;Villeneuve d'Ascq;;Banc;M. Cisse;;;;;;;;;;;0;1;0,00;;;;;;;;;;;4;0;0;0;1;1;3;0;1;0;2;4;5;20;M. Cisse
25-26;12;Championat de France;Domicile;;Villeneuve d'Ascq;;Banc;J. Lindstrom;;;;;0;0;;0;0;;0;0;;0;0;;;;;;;;;0;0;0;0;0;0;0;0;0;0;0;0;0;21;J. Lindstrom
25-26;12;Championat de France;Domicile;;Villeneuve d'Ascq;;Banc;F. Toure;;;;;;;;;;;0;2;0,00;;;;;;;;;;;7;1;4;5;0;2;1;0;0;2;2;7;8;28;F. Toure
25-26;12;Championat de France;Domicile;;Villeneuve d'Ascq;;Banc;M. De Freitas;;;;;;;;;;;;;;;;;;;;;;;;15;3;1;4;4;0;1;1;0;2;1;6;18;45;M. De Freitas
25-26;12;Championat de France;Domicile;;Villeneuve d'Ascq;;Banc;Team / Coach;;;;;;;;;;;;;;;;;;;;;;;;0;2;1;3;0;1;0;0;0;0;0;0;0;0;Team / Coach
25-26;12;Championat de France;Domicile;;Villeneuve d'Ascq;;Banc;TOTAUX EQUIPE;;;;;23;57;0,40;19;40;0,48;;;;20;27;0,74;28;26;11;16;26;11;11;70;9;28;37;20;17;15;3;2;18;22;0;87;0;TOTAUX EQUIPE
25-26;13;Championat de France;Exterieur;;Roche Vendée;;Starter;H. Limouzin;;;;;;;;;;;0;0;;;;;;;;;;;;15;2;7;9;10;4;3;0;1;5;6;-6;23;5;H. Limouzin
25-26;13;Championat de France;Exterieur;;Roche Vendée;Capitaine;Starter;I. Slonjsak(C);;;;;;;;0;0;;;;;0;0;;;;;;;;;3;0;0;0;1;0;0;0;0;2;0;4;3;6;I. Slonjsak(C)
25-26;13;Championat de France;Exterieur;;Roche Vendée;;Starter;J. Lindstrom;;;;;;;;;;;;;;;;;;;;;;;;15;1;8;9;1;0;1;0;0;5;6;1;20;21;J. Lindstrom
25-26;13;Championat de France;Exterieur;;Roche Vendée;;Starter;T. San Antonio;;;;;;;;;;;;;;;;;;;;;;;;16;0;2;2;2;3;1;0;1;2;4;-9;6;23;T. San Antonio
25-26;13;Championat de France;Exterieur;;Roche Vendée;;Starter;T. Reimer;;;;;;;;;;;0;0;;;;;;;;;;;;8;1;4;5;2;4;1;0;1;3;1;-5;8;32;T. Reimer
25-26;13;Championat de France;Exterieur;;Roche Vendée;;Banc;M. Cisse;;;;;0;3;0,00;0;2;0,00;0;1;0,00;0;0;;;;;;;;;0;0;0;0;2;0;0;0;1;1;0;-4;-1;20;M. Cisse
25-26;13;Championat de France;Exterieur;;Roche Vendée;;Banc;E. Prugnieres;;;;;;;;0;1;0,00;;;;0;0;;;;;;;;;3;0;1;1;0;0;0;0;0;1;0;-1;2;25;E. Prugnieres
25-26;13;Championat de France;Exterieur;;Roche Vendée;;Banc;A. Traore;;;;;;;;0;2;0,00;;;;0;0;;;;;;;;;3;0;3;3;0;2;0;0;0;3;0;-12;1;27;A. Traore
25-26;13;Championat de France;Exterieur;;Roche Vendée;;Banc;F. Toure;;;;;;;;;;;;;;0;0;;;;;;;;;5;1;0;1;1;1;2;0;0;2;0;1;6;28;F. Toure
25-26;13;Championat de France;Exterieur;;Roche Vendée;;Banc;M. De Freitas;;;;;;;;;;;0;1;0,00;;;;;;;;;;;6;1;1;2;1;0;0;0;0;1;2;-14;7;45;M. De Freitas
25-26;13;Championat de France;Exterieur;;Roche Vendée;;Banc;Team / Coach;;;;;;;;;;;;;;;;;;;;;;;;0;1;4;5;0;0;0;0;0;0;0;0;0;0;Team / Coach
25-26;13;Championat de France;Exterieur;;Roche Vendée;;Banc;TOTAUX EQUIPE;;;;;26;67;0,39;19;45;0,42;;;;15;19;0,79;20;24;9;12;17;6;7;74;7;30;37;20;14;8;0;4;25;19;0;80;0;TOTAUX EQUIPE
25-26;14;Championat de France;Domicile;;Lyon Asvel Féminin;;Starter;H. Limouzin;;;;;;;;;;;0;0;;;;;;;;;;;;12;1;6;7;5;8;4;0;0;2;5;-5;6;5;H. Limouzin
25-26;14;Championat de France;Domicile;;Lyon Asvel Féminin;Capitaine;Starter;I. Slonjsak(C);;;;;;;;;;;0;1;0,00;0;0;;;;;;;;;2;0;1;1;1;0;0;1;0;1;0;-7;3;6;I. Slonjsak(C)
25-26;14;Championat de France;Domicile;;Lyon Asvel Féminin;;Starter;J. Lindstrom;;;;;;;;;;;;;;;;;;;;;;;;17;1;3;4;3;1;1;0;0;4;3;-3;22;21;J. Lindstrom
25-26;14;Championat de France;Domicile;;Lyon Asvel Féminin;;Starter;T. San Antonio;;;;;;;;;;;;;;;;;;;;;;;;10;1;4;5;8;5;2;0;0;3;4;-9;15;23;T. San Antonio
25-26;14;Championat de France;Domicile;;Lyon Asvel Féminin;;Starter;T. Reimer;;;;;;;;;;;0;0;;;;;;;;;;;;8;0;3;3;1;0;1;0;0;5;4;-5;10;32;T. Reimer
25-26;14;Championat de France;Domicile;;Lyon Asvel Féminin;;Banc;A. Klewinski;;;;;0;0;;0;0;;0;0;;0;0;;;;;;;;;0;0;0;0;0;0;0;0;0;0;0;0;0;4;A. Klewinski
25-26;14;Championat de France;Domicile;;Lyon Asvel Féminin;;Banc;M. Cisse;;;;;;;;;;;;;;0;0;;;;;;;;;8;0;0;0;0;4;0;0;0;1;0;8;3;20;M. Cisse
25-26;14;Championat de France;Domicile;;Lyon Asvel Féminin;;Banc;E. Prugnieres;;;;;0;0;;0;0;;0;0;;0;0;;;;;;;;;0;0;0;0;0;0;0;0;0;0;0;0;0;25;E. Prugnieres
25-26;14;Championat de France;Domicile;;Lyon Asvel Féminin;;Banc;A. Traore;;;;;;;;;;;;;;0;0;;;;;;;;;5;1;0;1;0;1;0;0;0;1;1;12;3;27;A. Traore
25-26;14;Championat de France;Domicile;;Lyon Asvel Féminin;;Banc;F. Toure;;;;;;;;;;;;;;;;;;;;;;;;11;0;5;5;3;2;1;0;0;1;5;8;15;28;F. Toure
25-26;14;Championat de France;Domicile;;Lyon Asvel Féminin;;Banc;M. De Freitas;;;;;;;;0;1;0,00;;;;0;0;;;;;;;;;3;2;1;3;1;1;0;3;0;2;0;6;7;45;M. De Freitas
25-26;14;Championat de France;Domicile;;Lyon Asvel Féminin;;Banc;Team / Coach;;;;;;;;;;;;;;;;;;;;;;;;0;1;3;4;0;0;0;0;0;0;0;0;0;0;Team / Coach
25-26;14;Championat de France;Domicile;;Lyon Asvel Féminin;;Banc;TOTAUX EQUIPE;;;;;27;52;0,52;19;36;0,53;;;;14;23;0,61;24;28;5;19;27;9;8;76;7;26;33;22;22;9;4;0;20;22;0;88;0;TOTAUX EQUIPE
25-26;15;Championat de France;Exterieur;;Chartres;;Starter;H. Limouzin;;;;;;;;;;;0;2;0,00;;;;;;;;;;;15;2;2;4;6;4;4;0;1;2;6;32;17;3;H. Limouzin
25-26;15;Championat de France;Exterieur;;Chartres;;Starter;J. Lindstrom;;;;;;;;0;1;0,00;;;;0;0;;;;;;;;;9;0;11;11;3;0;3;0;1;1;0;27;22;21;J. Lindstrom
25-26;15;Championat de France;Exterieur;;Chartres;;Starter;T. San Antonio;;;;;;;;;;;;;;;;;;;;;;;;18;0;1;1;3;4;0;0;0;3;3;22;16;23;T. San Antonio
25-26;15;Championat de France;Exterieur;;Chartres;;Starter;A. Traore;;;;;;;;0;0;;;;;0;0;;;;;;;;;3;0;2;2;2;0;0;0;0;2;0;22;6;27;A. Traore
25-26;15;Championat de France;Exterieur;;Chartres;;Starter;T. Reimer;;;;;;;;;;;0;0;;0;2;0,00;;;;;;;;14;1;4;5;2;3;1;1;0;4;2;21;16;32;T. Reimer
25-26;15;Championat de France;Exterieur;;Chartres;Capitaine;Banc;I. Slonjsak(C);;;;;;;;;;;0;1;0,00;0;0;;;;;;;;;2;0;2;2;0;0;1;1;0;3;0;-2;4;6;I. Slonjsak(C)
25-26;15;Championat de France;Exterieur;;Chartres;;Banc;M. Cisse;;;;;;;;;;;0;4;0,00;;;;;;;;;;;15;0;0;0;4;2;6;1;0;1;3;2;18;20;M. Cisse
25-26;15;Championat de France;Exterieur;;Chartres;;Banc;E. Prugnieres;;;;;;;;;;;0;2;0,00;0;0;;;;;;;;;2;2;2;4;1;0;0;0;0;2;0;-1;3;25;E. Prugnieres
25-26;15;Championat de France;Exterieur;;Chartres;;Banc;F. Toure;;;;;;;;;;;0;0;;;;;;;;;;;;9;0;0;0;1;5;2;0;1;4;2;10;6;28;F. Toure
25-26;15;Championat de France;Exterieur;;Chartres;;Banc;M. De Freitas;;;;;;;;;;;0;1;0,00;0;0;;;;;;;;;4;0;4;4;1;2;0;2;0;0;0;7;8;45;M. De Freitas
25-26;15;Championat de France;Exterieur;;Chartres;;Banc;Team / Coach;;;;;;;;;;;;;;;;;;;;;;;;0;3;4;7;0;1;0;0;0;0;0;0;0;0;Team / Coach
25-26;15;Championat de France;Exterieur;;Chartres;;Banc;TOTAUX EQUIPE;;;;;35;63;0,56;28;42;0,67;;;;14;19;0,74;29;42;7;14;32;35;12;91;8;32;40;23;21;17;5;3;22;16;0;122;0;TOTAUX EQUIPE
25-26;16;Championat de France;Domicile;;Basket Landes;;Starter;H. Limouzin;;;;;;;;;;;0;4;0,00;;;;;;;;;;;14;0;2;2;4;5;1;0;2;2;3;-28;7;3;H. Limouzin
25-26;16;Championat de France;Domicile;;Basket Landes;;Starter;J. Lindstrom;;;;;;;;;;;;;;0;1;0,00;;;;;;;;13;1;4;5;1;2;1;0;0;1;1;-28;17;21;J. Lindstrom
25-26;16;Championat de France;Domicile;;Basket Landes;;Starter;T. San Antonio;;;;;;;;;;;;;;0;0;;;;;;;;;11;1;2;3;3;4;1;0;2;2;0;-33;9;23;T. San Antonio
25-26;16;Championat de France;Domicile;;Basket Landes;;Starter;A. Traore;;;;;;;;;;;0;2;0,00;0;0;;;;;;;;;4;1;0;1;0;1;0;0;1;1;1;-5;-1;27;A. Traore
25-26;16;Championat de France;Domicile;;Basket Landes;;Starter;T. Reimer;;;;;;;;;;;0;0;;;;;;;;;;;;3;1;4;5;1;3;0;0;1;2;1;-30;0;32;T. Reimer
25-26;16;Championat de France;Domicile;;Basket Landes;;Banc;A. Klewinski;;;;;0;1;0,00;0;1;0,00;0;0;;0;0;;;;;;;;;0;0;0;0;0;1;0;0;0;0;0;-4;-2;4;A. Klewinski
25-26;16;Championat de France;Domicile;;Basket Landes;;Banc;M. Cisse;;;;;;;;;;;;;;0;0;;;;;;;;;7;0;2;2;2;4;1;0;1;0;1;-23;3;20;M. Cisse
25-26;16;Championat de France;Domicile;;Basket Landes;;Banc;E. Prugnieres;;;;;0;0;;0;0;;0;0;;0;0;;;;;;;;;0;0;0;0;0;0;0;0;0;0;0;-5;0;25;E. Prugnieres
25-26;16;Championat de France;Domicile;;Basket Landes;;Banc;F. Toure;;;;;0;2;0,00;0;2;0,00;0;0;;0;0;;;;;;;;;0;0;0;0;1;1;2;0;0;1;2;-10;0;28;F. Toure
25-26;16;Championat de France;Domicile;;Basket Landes;Capitaine;Banc;M. De Freitas(C);;;;;;;;;;;0;3;0,00;0;0;;;;;;;;;2;1;3;4;0;0;0;0;1;1;1;-4;1;45;M. De Freitas(C)
25-26;16;Championat de France;Domicile;;Basket Landes;;Banc;Team / Coach;;;;;;;;;;;;;;;;;;;;;;;;0;5;4;9;0;1;0;0;0;0;0;0;0;0;Team / Coach
25-26;16;Championat de France;Domicile;;Basket Landes;;Banc;TOTAUX EQUIPE;;;;;22;59;0,37;17;44;0,39;;;;;;;6;22;8;6;9;;10;54;10;21;31;12;22;6;0;8;10;10;0;42;0;TOTAUX EQUIPE
25-26;17;Championat de France;Exterieur;;Charleville-Mézičres;;Starter;H. Limouzin;;;;;;;;;;;0;3;0,00;;;;;;;;;;;13;0;3;3;4;2;0;0;1;4;3;-8;8;3;H. Limouzin
25-26;17;Championat de France;Exterieur;;Charleville-Mézičres;;Starter;J. Lindstrom;;;;;;;;;;;0;6;0,00;;;;;;;;;;;5;0;4;4;3;4;0;0;0;1;1;-21;2;21;J. Lindstrom
25-26;17;Championat de France;Exterieur;;Charleville-Mézičres;;Starter;T. San Antonio;;;;;;;;;;;0;2;0,00;;;;;;;;;;;12;2;4;6;2;2;1;2;1;4;4;-12;14;23;T. San Antonio
25-26;17;Championat de France;Exterieur;;Charleville-Mézičres;;Starter;A. Traore;;;;;;;;;;;;;;0;0;;;;;;;;;10;2;0;2;3;1;4;0;1;4;1;-5;14;27;A. Traore
25-26;17;Championat de France;Exterieur;;Charleville-Mézičres;;Starter;T. Reimer;;;;;;;;;;;0;0;;0;0;;;;;;;;;16;2;8;10;2;2;2;0;0;3;1;-5;24;32;T. Reimer
25-26;17;Championat de France;Exterieur;;Charleville-Mézičres;;Banc;M. Cisse;;;;;;;;;;;0;1;0,00;0;0;;;;;;;;;2;0;1;1;0;0;0;0;0;0;0;-17;-1;20;M. Cisse
25-26;17;Championat de France;Exterieur;;Charleville-Mézičres;;Banc;E. Prugnieres;;;;;0;0;;0;0;;0;0;;0;0;;;;;;;;;0;0;0;0;0;0;0;0;0;0;0;0;0;25;E. Prugnieres
25-26;17;Championat de France;Exterieur;;Charleville-Mézičres;;Banc;F. Toure;;;;;;;;;;;0;2;0,00;;;;;;;;;;;10;1;0;1;2;3;1;0;1;0;2;-4;6;28;F. Toure
25-26;17;Championat de France;Exterieur;;Charleville-Mézičres;Capitaine;Banc;M. De Freitas(C);;;;;;;;;;;0;0;;0;0;;;;;;;;;2;0;1;1;1;0;1;0;0;3;1;-13;4;45;M. De Freitas(C)
25-26;17;Championat de France;Exterieur;;Charleville-Mézičres;;Banc;Team / Coach;;;;;;;;;;;;;;;;;;;;;;;;0;2;1;3;0;1;0;0;0;0;0;0;0;0;Team / Coach
25-26;17;Championat de France;Exterieur;;Charleville-Mézičres;;Banc;TOTAUX EQUIPE;;;;;29;67;0,43;27;49;0,55;;;;;;;16;44;6;10;14;;6;70;9;22;31;17;15;9;2;4;19;13;0;73;0;TOTAUX EQUIPE
25-26;18;Championat de France;Domicile;;Angers;;Starter;H. Limouzin;;;;;;;;;;;0;2;0,00;;;;;;;;;;;11;4;6;10;4;3;0;0;0;1;1;2;12;3;H. Limouzin
25-26;18;Championat de France;Domicile;;Angers;;Starter;J. Lindstrom;;;;;;;;;;;;;;0;0;;;;;;;;;10;6;11;17;3;3;2;0;1;2;3;1;22;21;J. Lindstrom
25-26;18;Championat de France;Domicile;;Angers;;Starter;T. San Antonio;;;;;;;;;;;0;0;;0;0;;;;;;;;;2;2;0;2;1;0;3;0;0;3;1;-2;0;23;T. San Antonio
25-26;18;Championat de France;Domicile;;Angers;;Starter;A. Traore;;;;;;;;;;;;;;0;0;;;;;;;;;5;0;2;2;2;2;0;1;0;1;0;-5;6;27;A. Traore
25-26;18;Championat de France;Domicile;;Angers;;Starter;T. Reimer;;;;;;;;;;;0;0;;;;;;;;;;;;9;2;5;7;1;2;0;0;1;1;5;1;3;32;T. Reimer
25-26;18;Championat de France;Domicile;;Angers;;Banc;A. Klewinski;;;;;0;0;;0;0;;0;0;;0;0;;;;;;;;;0;0;0;0;0;0;0;0;0;0;0;0;0;4;A. Klewinski
25-26;18;Championat de France;Domicile;;Angers;;Banc;M. Cisse;;;;;0;6;0,00;0;5;0,00;0;1;0,00;0;0;;;;;;;;;0;0;1;1;1;1;0;0;2;1;0;3;-5;20;M. Cisse
25-26;18;Championat de France;Domicile;;Angers;;Banc;E. Prugnieres;;;;;0;0;;0;0;;0;0;;0;0;;;;;;;;;0;0;0;0;0;0;0;0;0;0;0;0;0;25;E. Prugnieres
25-26;18;Championat de France;Domicile;;Angers;;Banc;F. Toure;;;;;;;;;;;;;;;;;;;;;;;;12;1;3;4;1;2;3;0;0;4;3;6;15;28;F. Toure
25-26;18;Championat de France;Domicile;;Angers;Capitaine;Banc;M. De Freitas(C);;;;;;;;0;4;0,00;;;;0;0;;;;;;;;;3;0;4;4;0;0;0;2;0;0;0;-1;5;45;M. De Freitas(C)
25-26;18;Championat de France;Domicile;;Angers;;Banc;Team / Coach;;;;;;;;;;;;;;;;;;;;;;;;0;2;4;6;0;1;0;0;0;0;0;0;0;0;Team / Coach
25-26;18;Championat de France;Domicile;;Angers;;Banc;TOTAUX EQUIPE;;;;;20;69;0,29;14;54;0,26;;;;;;;15;22;14;11;15;1;11;52;17;36;53;13;14;8;3;4;13;13;0;63;0;TOTAUX EQUIPE
25-26;19;Championat de France;Exterieur;;Charnay;;Starter;H. Limouzin;;;;;;;;;;;;;;;;;;;;;;;;24;0;10;10;2;1;4;0;0;3;5;12;29;3;H. Limouzin
25-26;19;Championat de France;Exterieur;;Charnay;;Starter;J. Lindstrom;;;;;;;;;;;;;;0;0;;;;;;;;;7;3;4;7;1;1;1;1;0;3;0;1;11;21;J. Lindstrom
25-26;19;Championat de France;Exterieur;;Charnay;;Starter;T. San Antonio;;;;;;;;;;;;;;;;;;;;;;;;16;0;1;1;2;1;1;0;0;3;6;0;10;23;T. San Antonio
25-26;19;Championat de France;Exterieur;;Charnay;;Starter;A. Traore;;;;;0;2;0,00;0;2;0,00;0;0;;0;0;;;;;;;;;0;0;0;0;0;3;0;0;0;4;0;-7;-5;27;A. Traore
25-26;19;Championat de France;Exterieur;;Charnay;;Starter;T. Reimer;;;;;;;;;;;0;0;;;;;;;;;;;;13;2;9;11;3;1;1;1;0;4;5;11;20;32;T. Reimer
25-26;19;Championat de France;Exterieur;;Charnay;;Banc;M. Cisse;;;;;;;;;;;;;;;;;;;;;;;;7;1;2;3;0;1;0;0;0;0;1;-5;6;20;M. Cisse
25-26;19;Championat de France;Exterieur;;Charnay;;Banc;E. Prugnieres;;;;;;;;;;;0;1;0,00;0;0;;;;;;;;;2;1;1;2;0;0;1;0;1;0;0;0;3;25;E. Prugnieres
25-26;19;Championat de France;Exterieur;;Charnay;;Banc;F. Toure;;;;;;;;;;;;;;0;0;;;;;;;;;7;0;0;0;3;2;3;0;0;1;0;-5;8;28;F. Toure
25-26;19;Championat de France;Exterieur;;Charnay;Capitaine;Banc;M. De Freitas(C);;;;;;;;;;;0;1;0,00;0;0;;;;;;;;;2;0;0;0;1;2;0;0;0;4;0;-12;-1;45;M. De Freitas(C)
25-26;19;Championat de France;Exterieur;;Charnay;;Banc;Team / Coach;;;;;;;;;;;;;;;;;;;;;;;;0;1;1;2;0;2;0;0;0;0;0;0;0;0;Team / Coach
25-26;19;Championat de France;Exterieur;;Charnay;;Banc;TOTAUX EQUIPE;;;;;28;67;0,42;22;50;0,44;;;;16;21;0,76;22;30;7;8;18;14;8;78;8;28;36;12;14;11;2;1;22;17;0;81;0;TOTAUX EQUIPE
25-26;20;Championat de France;Domicile;;Bourges;;Starter;H. Limouzin;;;;;;;;;;;0;2;0,00;;;;;;;;;;;20;0;0;0;5;4;4;0;1;3;6;-19;13;3;H. Limouzin
25-26;20;Championat de France;Domicile;;Bourges;;Starter;T. San Antonio;;;;;;;;;;;0;3;0,00;;;;;;;;;;;3;1;2;3;1;2;3;0;1;4;3;-24;3;23;T. San Antonio
25-26;20;Championat de France;Domicile;;Bourges;;Starter;A. Traore;;;;;;;;;;;;;;0;0;;;;;;;;;5;2;3;5;0;4;3;0;1;4;0;-28;5;27;A. Traore
25-26;20;Championat de France;Domicile;;Bourges;;Starter;F. Toure;;;;;;;;;;;0;1;0,00;0;0;;;;;;;;;12;1;1;2;1;5;0;0;0;1;0;-20;6;28;F. Toure
25-26;20;Championat de France;Domicile;;Bourges;;Starter;T. Reimer;;;;;;;;;;;0;0;;;;;;;;;;;;7;1;4;5;0;0;3;1;0;1;1;-24;9;32;T. Reimer
25-26;20;Championat de France;Domicile;;Bourges;;Banc;A. Klewinski;;;;;0;0;;0;0;;0;0;;0;0;;;;;;;;;0;0;0;0;0;1;0;0;0;0;0;-5;-1;4;A. Klewinski
25-26;20;Championat de France;Domicile;;Bourges;;Banc;L. Tardy;;;;;0;0;;0;0;;0;0;;0;0;;;;;;;;;0;0;0;0;0;0;0;0;0;0;0;-3;0;5;L. Tardy
25-26;20;Championat de France;Domicile;;Bourges;;Banc;M. Cisse;;;;;;;;;;;0;1;0,00;;;;;;;;;;;5;1;0;1;6;1;4;0;0;0;2;-4;13;20;M. Cisse
25-26;20;Championat de France;Domicile;;Bourges;;Banc;E. Prugnieres;;;;;0;5;0,00;0;2;0,00;0;3;0,00;;;;;;;;;;;1;0;1;1;0;0;0;0;0;0;1;-11;-4;25;E. Prugnieres
25-26;20;Championat de France;Domicile;;Bourges;;Banc;A. Dia;;;;;0;0;;0;0;;0;0;;0;0;;;;;;;;;0;0;0;0;0;1;0;0;0;0;0;-3;-1;31;A. Dia
25-26;20;Championat de France;Domicile;;Bourges;Capitaine;Banc;M. De Freitas(C);;;;;;;;;;;0;5;0,00;0;0;;;;;;;;;2;0;5;5;0;2;1;1;1;2;0;-4;1;45;M. De Freitas(C)
25-26;20;Championat de France;Domicile;;Bourges;;Banc;Team / Coach;;;;;;;;;;;;;;;;;;;;;;;;0;2;3;5;0;0;0;0;0;0;0;0;0;0;Team / Coach
25-26;20;Championat de France;Domicile;;Bourges;;Banc;TOTAUX EQUIPE;;;;;23;64;0,36;22;46;0,48;;;;;;;27;32;8;11;8;;9;55;8;19;27;13;20;18;2;4;15;13;0;49;0;TOTAUX EQUIPE
25-26;21;Championat de France;Exterieur;;Landerneau;;Starter;H. Limouzin;;;;;;;;;;;0;4;0,00;0;0;;;;;;;;;12;1;3;4;5;2;2;0;0;1;1;-11;11;3;H. Limouzin
25-26;21;Championat de France;Exterieur;;Landerneau;;Starter;M. Cisse;;;;;;;;;;;;;;0;0;;;;;;;;;11;1;1;2;2;0;4;0;0;1;0;-19;11;20;M. Cisse
25-26;21;Championat de France;Exterieur;;Landerneau;;Starter;A. Traore;;;;;0;2;0,00;0;1;0,00;0;1;0,00;0;0;;;;;;;;;0;0;3;3;0;2;1;1;0;0;0;-6;1;27;A. Traore
25-26;21;Championat de France;Exterieur;;Landerneau;;Starter;F. Toure;;;;;;;;;;;;;;0;1;0,00;;;;;;;;7;0;3;3;2;2;0;0;0;3;2;-5;7;28;F. Toure
25-26;21;Championat de France;Exterieur;;Landerneau;;Starter;T. Reimer;;;;;;;;;;;0;0;;;;;;;;;;;;10;4;2;6;0;3;1;0;0;3;2;-14;6;32;T. Reimer
25-26;21;Championat de France;Exterieur;;Landerneau;;Banc;J. Lindstrom;;;;;;;;;;;;;;0;0;;;;;;;;;7;3;4;7;1;1;2;0;2;3;3;1;9;21;J. Lindstrom
25-26;21;Championat de France;Exterieur;;Landerneau;;Banc;T. San Antonio;;;;;;;;;;;;;;;;;;;;;;;;14;0;3;3;0;6;2;0;1;4;3;6;7;23;T. San Antonio
25-26;21;Championat de France;Exterieur;;Landerneau;;Banc;E. Prugnieres;;;;;0;0;;0;0;;0;0;;0;0;;;;;;;;;0;0;0;0;0;0;0;0;0;0;0;0;0;25;E. Prugnieres
25-26;21;Championat de France;Exterieur;;Landerneau;Capitaine;Banc;M. De Freitas(C);;;;;;;;;;;0;0;;0;0;;;;;;;;;2;1;1;2;0;1;0;0;0;4;1;3;3;45;M. De Freitas(C)
25-26;21;Championat de France;Exterieur;;Landerneau;;Banc;Team / Coach;;;;;;;;;;;;;;;;;;;;;;;;0;3;4;7;0;0;0;0;0;0;0;0;0;0;Team / Coach
25-26;21;Championat de France;Exterieur;;Landerneau;;Banc;TOTAUX EQUIPE;;;;;28;68;0,41;24;48;0,50;;;;;;;20;38;12;17;23;2;8;63;13;24;37;10;17;12;1;3;19;12;0;62;0;TOTAUX EQUIPE
25-26;22;Championat de France;Domicile;;Lattes Montpellier;;Starter;H. Limouzin;;;;;;;;;;;0;2;0,00;;;;;;;;;;;15;0;4;4;6;1;2;0;0;1;3;-9;16;3;H. Limouzin
25-26;22;Championat de France;Domicile;;Lattes Montpellier;;Starter;J. Lindstrom;;;;;0;4;0,00;0;1;0,00;0;3;0,00;;;;;;;;;;;1;3;6;9;7;1;6;1;0;4;1;-8;18;21;J. Lindstrom
25-26;22;Championat de France;Domicile;;Lattes Montpellier;;Starter;T. San Antonio;;;;;;;;;;;;;;;;;;;;;;;;9;0;0;0;2;1;2;0;0;3;3;-11;3;23;T. San Antonio
25-26;22;Championat de France;Domicile;;Lattes Montpellier;;Starter;A. Traore;;;;;;;;;;;0;1;0,00;;;;;;;;;;;4;2;2;4;0;0;0;0;0;2;2;-6;5;27;A. Traore
25-26;22;Championat de France;Domicile;;Lattes Montpellier;;Starter;T. Reimer;;;;;;;;;;;0;0;;;;;;;;;;;;12;2;4;6;1;6;2;0;0;3;4;2;12;32;T. Reimer
25-26;22;Championat de France;Domicile;;Lattes Montpellier;;Banc;A. Klewinski;;;;;0;0;;0;0;;0;0;;0;0;;;;;;;;;0;0;0;0;0;0;0;0;0;0;0;0;0;4;A. Klewinski
25-26;22;Championat de France;Domicile;;Lattes Montpellier;;Banc;L. Tardy;;;;;0;0;;0;0;;0;0;;0;0;;;;;;;;;0;0;0;0;0;0;0;0;0;0;0;0;0;5;L. Tardy
25-26;22;Championat de France;Domicile;;Lattes Montpellier;;Banc;M. Cisse;;;;;;;;;;;;;;0;0;;;;;;;;;15;0;1;1;1;0;1;0;0;3;1;-8;14;20;M. Cisse
25-26;22;Championat de France;Domicile;;Lattes Montpellier;;Banc;F. Toure;;;;;;;;;;;0;1;0,00;;;;;;;;;;;8;1;1;2;1;3;3;0;0;1;5;-14;3;28;F. Toure
25-26;22;Championat de France;Domicile;;Lattes Montpellier;;Banc;A. Dia;;;;;0;0;;0;0;;0;0;;0;0;;;;;;;;;0;0;0;0;0;0;0;0;0;0;0;0;0;31;A. Dia
25-26;22;Championat de France;Domicile;;Lattes Montpellier;Capitaine;Banc;M. De Freitas(C);;;;;;;;;;;0;2;0,00;0;0;;;;;;;;;2;1;0;1;0;1;0;0;0;2;0;-26;-3;45;M. De Freitas(C)
25-26;22;Championat de France;Domicile;;Lattes Montpellier;;Banc;Team / Coach;;;;;;;;;;;;;;;;;;;;;;;;0;0;4;4;0;0;0;0;0;0;0;0;0;0;Team / Coach
25-26;22;Championat de France;Domicile;;Lattes Montpellier;;Banc;TOTAUX EQUIPE;;;;;23;64;0,36;19;46;0,41;;;;16;22;0,73;22;28;6;13;25;7;9;66;9;22;31;18;13;16;1;0;19;19;0;72;0;TOTAUX EQUIPE
25-26;P1;Playdown;Domicile;;Roche Vendée;Capitaine;Starter;H. Limouzin(C);;;;;;;;;;;0;2;0,00;;;;;;;;;;;14;0;4;4;6;2;6;0;4;1;2;13;19;3;H. Limouzin(C)
25-26;P1;Playdown;Domicile;;Roche Vendée;;Starter;J. Lindstrom;;;;;;;;;;;0;1;0,00;;;;;;;;;;;7;5;11;16;3;5;2;0;1;1;5;10;21;21;J. Lindstrom
25-26;P1;Playdown;Domicile;;Roche Vendée;;Starter;T. San Antonio;;;;;;;;;;;0;2;0,00;;;;;;;;;;;18;0;2;2;4;3;1;0;0;4;1;9;17;23;T. San Antonio
25-26;P1;Playdown;Domicile;;Roche Vendée;;Starter;A. Traore;;;;;;;;0;1;0,00;;;;;;;;;;;;;;8;0;4;4;1;0;1;0;0;3;3;14;11;27;A. Traore
25-26;P1;Playdown;Domicile;;Roche Vendée;;Starter;T. Reimer;;;;;;;;;;;0;0;;;;;;;;;;;;13;3;3;6;3;3;0;1;0;3;4;7;14;32;T. Reimer
25-26;P1;Playdown;Domicile;;Roche Vendée;;Banc;A. Klewinski;;;;;0;0;;0;0;;0;0;;0;0;;;;;;;;;0;0;0;0;0;0;0;0;0;0;0;0;0;4;A. Klewinski
25-26;P1;Playdown;Domicile;;Roche Vendée;;Banc;L. Tardy;;;;;0;0;;0;0;;0;0;;0;0;;;;;;;;;0;0;0;0;0;0;0;0;0;0;0;0;0;5;L. Tardy
25-26;P1;Playdown;Domicile;;Roche Vendée;;Banc;M. Cisse;;;;;;;;;;;0;4;0,00;;;;;;;;;;;3;1;0;1;2;1;2;0;0;1;1;-4;-1;20;M. Cisse
25-26;P1;Playdown;Domicile;;Roche Vendée;;Banc;F. Toure;;;;;;;;;;;;;;;;;;;;;;;;12;1;3;4;1;2;1;0;0;1;4;16;6;28;F. Toure
25-26;P1;Playdown;Domicile;;Roche Vendée;;Banc;A. Dia;;;;;0;0;;0;0;;0;0;;0;0;;;;;;;;;0;0;0;0;0;0;0;0;0;0;0;0;0;31;A. Dia
25-26;P1;Playdown;Domicile;;Roche Vendée;;Banc;Team / Coach;;;;;;;;;;;;;;;;;;;;;;;;0;3;1;4;0;1;0;0;0;0;0;0;0;0;Team / Coach
25-26;P1;Playdown;Domicile;;Roche Vendée;;Banc;TOTAUX EQUIPE;;;;;24;61;0,39;22;47;0,47;;;;25;31;0,81;15;30;12;14;15;23;12;75;13;28;41;20;17;13;1;5;14;20;0;90;0;TOTAUX EQUIPE
25-26;P2;Playdown;Exterieur;;Angers;Capitaine;Starter;H. Limouzin(C);;;;;;;;;;;0;3;0,00;0;0;;;;;;;;;14;0;7;7;10;5;1;0;2;2;2;7;19;3;H. Limouzin(C)
25-26;P2;Playdown;Exterieur;;Angers;;Starter;J. Lindstrom;;;;;;;;;;;;;;;;;;;;;;;;8;3;9;12;4;3;1;1;0;3;3;7;19;21;J. Lindstrom
25-26;P2;Playdown;Exterieur;;Angers;;Starter;T. San Antonio;;;;;;;;;;;;;;;;;;;;;;;;20;0;3;3;4;4;2;0;0;4;8;7;18;23;T. San Antonio
25-26;P2;Playdown;Exterieur;;Angers;;Starter;F. Toure;;;;;0;6;0,00;0;5;0,00;0;1;0,00;0;0;;;;;;;;;0;0;2;2;1;1;1;0;0;0;0;1;-3;28;F. Toure
25-26;P2;Playdown;Exterieur;;Angers;;Starter;T. Reimer;;;;;;;;;;;0;0;;;;;;;;;;;;22;1;9;10;1;1;1;1;1;4;3;7;27;32;T. Reimer
25-26;P2;Playdown;Exterieur;;Angers;;Banc;A. Klewinski;;;;;0;1;0,00;0;1;0,00;0;0;;0;0;;;;;;;;;0;0;0;0;0;0;0;0;0;0;0;-1;-1;4;A. Klewinski
25-26;P2;Playdown;Exterieur;;Angers;;Banc;L. Tardy;;;;;0;0;;0;0;;0;0;;0;0;;;;;;;;;0;0;0;0;0;0;0;0;0;0;0;0;0;5;L. Tardy
25-26;P2;Playdown;Exterieur;;Angers;;Banc;M. Cisse;;;;;;;;;;;0;2;0,00;;;;;;;;;;;3;0;0;0;0;1;0;0;2;0;2;7;-2;20;M. Cisse
25-26;P2;Playdown;Exterieur;;Angers;;Banc;A. Dia;;;;;0;0;;0;0;;0;0;;0;0;;;;;;;;;0;0;0;0;0;0;0;0;0;0;0;0;0;31;A. Dia
25-26;P2;Playdown;Exterieur;;Angers;;Banc;Team / Coach;;;;;;;;;;;;;;;;;;;;;;;;0;1;3;4;0;1;0;0;0;0;0;0;0;0;Team / Coach
25-26;P2;Playdown;Exterieur;;Angers;;Banc;TOTAUX EQUIPE;;;;;25;59;0,42;23;44;0,52;;;;15;18;0,83;9;42;5;2;3;9;10;67;5;33;38;20;16;6;2;5;13;18;0;80;0;TOTAUX EQUIPE
25-26;P3;Playdown;Exterieur;;Lyon Asvel Féminin;Capitaine;Starter;H. Limouzin(C);;;;;;;;;;;0;1;0,00;;;;;;;;;;;10;2;2;4;1;4;2;0;0;1;4;-22;10;3;H. Limouzin(C)
25-26;P3;Playdown;Exterieur;;Lyon Asvel Féminin;;Starter;M. Cisse;;;;;;;;;;;;;;;;;;;;;;;;10;0;3;3;3;2;1;0;1;1;2;-24;8;20;M. Cisse
25-26;P3;Playdown;Exterieur;;Lyon Asvel Féminin;;Starter;J. Lindstrom;;;;;;;;;;;;;;0;0;;;;;;;;;5;1;3;4;0;1;1;0;0;3;0;-34;2;21;J. Lindstrom
25-26;P3;Playdown;Exterieur;;Lyon Asvel Féminin;;Starter;T. San Antonio;;;;;;;;;;;;;;0;2;0,00;;;;;;;;11;0;4;4;3;2;5;1;2;2;3;-24;11;23;T. San Antonio
25-26;P3;Playdown;Exterieur;;Lyon Asvel Féminin;;Starter;T. Reimer;;;;;;;;;;;0;0;;0;0;;;;;;;;;10;3;1;4;2;2;0;4;1;3;1;-35;10;32;T. Reimer
25-26;P3;Playdown;Exterieur;;Lyon Asvel Féminin;;Banc;A. Klewinski;;;;;0;2;0,00;0;1;0,00;0;1;0,00;0;0;;;;;;;;;0;0;0;0;1;1;0;0;0;2;0;-4;-2;4;A. Klewinski
25-26;P3;Playdown;Exterieur;;Lyon Asvel Féminin;;Banc;L. Tardy;;;;;;;;;;;0;1;0,00;0;0;;;;;;;;;2;1;1;2;0;1;0;0;0;2;0;-12;2;5;L. Tardy
25-26;P3;Playdown;Exterieur;;Lyon Asvel Féminin;;Banc;A. Dia;;;;;0;2;0,00;0;0;;0;2;0,00;0;0;;;;;;;;;0;0;0;0;0;0;0;0;0;0;0;-13;-2;31;A. Dia
25-26;P3;Playdown;Exterieur;;Lyon Asvel Féminin;;Banc;J. Marthi-Toffolon;;;;;0;2;0,00;0;2;0,00;0;0;;0;0;;;;;;;;;0;0;0;0;2;1;0;0;0;1;0;3;-1;55;J. Marthi-Toffolon
25-26;P3;Playdown;Exterieur;;Lyon Asvel Féminin;;Banc;Team / Coach;;;;;;;;;;;;;;;;;;;;;;;;0;1;7;8;0;1;0;0;0;0;0;0;0;0;Team / Coach
25-26;P3;Playdown;Exterieur;;Lyon Asvel Féminin;;Banc;TOTAUX EQUIPE;;;;;20;60;0,33;17;42;0,40;;;;;;;11;30;9;10;2;2;6;48;8;21;29;12;15;9;5;4;15;10;0;45;0;TOTAUX EQUIPE
25-26;P4;Playdown;Exterieur;;Roche Vendée;Capitaine;Starter;H. Limouzin(C);;;;;;;;;;;;;;;;;;;;;;;;24;0;1;1;2;4;3;0;1;3;3;15;16;3;H. Limouzin(C)
25-26;P4;Playdown;Exterieur;;Roche Vendée;;Starter;M. Cisse;;;;;;;;;;;;;;0;0;;;;;;;;;9;0;2;2;3;2;2;0;1;1;2;15;7;20;M. Cisse
25-26;P4;Playdown;Exterieur;;Roche Vendée;;Starter;J. Lindstrom;39;60;1;61;;;;;;;;;;;;;;;;;;;;16;4;4;8;5;0;4;0;0;3;1;15;27;21;J. Lindstrom
25-26;P4;Playdown;Exterieur;;Roche Vendée;;Starter;T. San Antonio;;;;;;;;;;;;;;;;;;;;;;;;18;1;5;6;7;0;4;0;0;4;8;23;22;23;T. San Antonio
25-26;P4;Playdown;Exterieur;;Roche Vendée;;Starter;T. Reimer;;;;;;;;;;;0;0;;;;;;;;;;;;10;3;6;9;3;1;0;0;0;4;4;21;13;32;T. Reimer
25-26;P4;Playdown;Exterieur;;Roche Vendée;;Banc;A. Klewinski;;;;;0;1;0,00;0;1;0,00;0;0;;0;0;;;;;;;;;0;0;4;4;1;1;1;1;0;2;2;-8;5;4;A. Klewinski
25-26;P4;Playdown;Exterieur;;Roche Vendée;;Banc;L. Tardy;;;;;0;0;;0;0;;0;0;;0;0;;;;;;;;;0;0;0;0;0;0;0;0;0;0;0;0;0;5;L. Tardy
25-26;P4;Playdown;Exterieur;;Roche Vendée;;Banc;A. Dia;;;;;0;0;;0;0;;0;0;;0;0;;;;;;;;;0;0;0;0;0;0;0;0;0;0;0;0;0;31;A. Dia
25-26;P4;Playdown;Exterieur;;Roche Vendée;;Banc;J. Marthi-Toffolon;;;;;0;1;0,00;0;0;;0;1;0,00;0;0;;;;;;;;;0;0;0;0;0;0;0;0;0;1;0;-6;-1;55;J. Marthi-Toffolon
25-26;P4;Playdown;Exterieur;;Roche Vendée;;Banc;Team / Coach;;;;;;;;;;;;;;;;;;;;;;;;0;1;1;2;0;0;0;0;0;0;0;0;0;0;Team / Coach
25-26;P4;Playdown;Exterieur;;Roche Vendée;;Banc;TOTAUX EQUIPE;;;;;27;66;0,41;19;39;0,49;;;;15;22;0,68;29;32;8;14;0;15;11;77;9;23;32;21;8;14;1;2;18;20;0;91;0;TOTAUX EQUIPE
25-26;P5;Playdown;Exterieur;;Toulouse;;Starter;A. Klewinski;;;;;;;;;;;;;;0;0;;;;;;;;;10;1;1;2;0;2;0;0;0;2;0;-10;7;4;A. Klewinski
25-26;P5;Playdown;Exterieur;;Toulouse;;Starter;M. Cisse;;;;;;;;;;;;;;0;1;0,00;;;;;;;;13;0;2;2;2;3;1;0;0;2;3;-19;10;20;M. Cisse
25-26;P5;Playdown;Exterieur;;Toulouse;;Starter;J. Lindstrom;;;;;;;;;;;;;;0;0;;;;;;;;;14;2;4;6;3;1;1;0;0;2;1;-14;21;21;J. Lindstrom
25-26;P5;Playdown;Exterieur;;Toulouse;;Starter;T. San Antonio;;;;;;;;;;;0;1;0,00;;;;;;;;;;;14;0;1;1;3;1;0;0;0;4;5;-15;10;23;T. San Antonio
25-26;P5;Playdown;Exterieur;;Toulouse;;Starter;T. Reimer;;;;;;;;;;;0;0;;;;;;;;;;;;7;1;3;4;0;0;0;0;0;3;2;-21;6;32;T. Reimer
25-26;P5;Playdown;Exterieur;;Toulouse;Capitaine;Banc;H. Limouzin(C);;;;;0;0;;0;0;;0;0;;0;0;;;;;;;;;0;0;0;0;0;0;0;0;0;0;0;0;0;3;H. Limouzin(C)
25-26;P5;Playdown;Exterieur;;Toulouse;;Banc;L. Tardy;;;;;;;;;;;0;5;0,00;0;0;;;;;;;;;2;0;1;1;3;1;0;0;0;1;1;-7;-3;5;L. Tardy
25-26;P5;Playdown;Exterieur;;Toulouse;;Banc;A. Traore;;;;;;;;;;;0;1;0,00;;;;;;;;;;;6;0;3;3;1;0;0;0;0;4;1;-14;6;27;A. Traore
25-26;P5;Playdown;Exterieur;;Toulouse;;Banc;A. Dia;;;;;0;4;0,00;0;0;;0;4;0,00;0;0;;;;;;;;;0;0;0;0;0;0;0;0;0;2;0;-6;-4;31;A. Dia
25-26;P5;Playdown;Exterieur;;Toulouse;;Banc;J. Marthi-Toffolon;;;;;;;;0;2;0,00;;;;0;0;;;;;;;;;3;2;1;3;0;1;0;0;0;2;0;-14;2;55;J. Marthi-Toffolon
25-26;P5;Playdown;Exterieur;;Toulouse;;Banc;Team / Coach;;;;;;;;;;;;;;;;;;;;;;;;0;0;2;2;0;1;0;0;0;0;0;0;0;0;Team / Coach
25-26;P5;Playdown;Exterieur;;Toulouse;;Banc;TOTAUX EQUIPE;;;;;26;65;0,40;18;41;0,44;;;;;;;4;28;7;4;11;1;7;69;6;18;24;12;10;2;0;0;22;13;0;56;0;TOTAUX EQUIPE
25-26;P6;Playdown;Domicile;;Lyon Asvel Féminin;;Starter;A. Klewinski;;;;;;;;;;;0;2;0,00;;;;;;;;;;;4;0;1;1;0;2;3;0;0;1;2;-11;2;4;A. Klewinski
25-26;P6;Playdown;Domicile;;Lyon Asvel Féminin;;Starter;M. Cisse;;;;;;;;;;;0;1;0,00;0;0;;;;;;;;;4;1;2;3;1;3;1;0;0;1;1;-7;3;20;M. Cisse
25-26;P6;Playdown;Domicile;;Lyon Asvel Féminin;;Starter;J. Lindstrom;32;60;1;61;;;;0;0;;;;;0;0;;;;;;;;;3;1;6;7;3;3;2;2;0;2;0;-9;11;21;J. Lindstrom
25-26;P6;Playdown;Domicile;;Lyon Asvel Féminin;;Starter;T. San Antonio;;;;;;;;;;;0;2;0,00;;;;;;;;;;;28;0;2;2;7;4;3;1;1;1;8;-6;25;23;T. San Antonio
25-26;P6;Playdown;Domicile;;Lyon Asvel Féminin;;Starter;T. Reimer;;;;;;;;;;;0;0;;0;0;;;;;;;;;10;2;6;8;0;2;2;1;0;5;2;3;16;32;T. Reimer
25-26;P6;Playdown;Domicile;;Lyon Asvel Féminin;Capitaine;Banc;H. Limouzin(C);;;;;0;0;;0;0;;0;0;;0;0;;;;;;;;;0;0;0;0;0;0;0;0;0;0;0;0;0;3;H. Limouzin(C)
25-26;P6;Playdown;Domicile;;Lyon Asvel Féminin;;Banc;L. Tardy;;;;;0;2;0,00;0;2;0,00;0;0;;0;0;;;;;;;;;0;0;1;1;2;0;0;0;0;1;1;-7;1;5;L. Tardy
25-26;P6;Playdown;Domicile;;Lyon Asvel Féminin;;Banc;A. Traore;;;;;;;;;;;0;3;0,00;;;;;;;;;;;16;2;4;6;2;1;0;0;1;2;2;-1;15;27;A. Traore
25-26;P6;Playdown;Domicile;;Lyon Asvel Féminin;;Banc;A. Dia;;;;;0;0;;0;0;;0;0;;0;0;;;;;;;;;0;0;0;0;0;0;0;0;0;0;0;0;0;31;A. Dia
25-26;P6;Playdown;Domicile;;Lyon Asvel Féminin;;Banc;J. Marthi-Toffolon;;;;;;;;0;1;0,00;;;;0;0;;;;;;;;;3;1;1;2;0;1;0;0;0;2;0;3;3;55;J. Marthi-Toffolon
25-26;P6;Playdown;Domicile;;Lyon Asvel Féminin;;Banc;Team / Coach;;;;;;;;;;;;;;;;;;;;;;;;0;2;1;3;0;0;0;0;0;0;0;0;0;0;Team / Coach
25-26;P6;Playdown;Domicile;;Lyon Asvel Féminin;;Banc;TOTAUX EQUIPE;;;;;26;60;0,43;24;47;0,51;;;;14;16;0,88;17;36;10;14;19;1;12;68;9;24;33;15;16;11;4;2;15;16;0;79;0;TOTAUX EQUIPE
